,ENSEMBLE,REAL,INTERPOLATE_RELPERM_INTERPOLATE_GO,INTERPOLATE_RELPERM_INTERPOLATE_WO,LOG10_MULTFLT_MULTFLT_F1,LOG10_MULTFLT_MULTFLT_F2,LOG10_MULTFLT_MULTFLT_F3,LOG10_MULTFLT_MULTFLT_F4,LOG10_MULTFLT_MULTFLT_F5,LOG10_MULTZ_MULTZ_MIDREEK,MULTFLT_MULTFLT_F1,MULTFLT_MULTFLT_F2,MULTFLT_MULTFLT_F3,MULTFLT_MULTFLT_F4,MULTFLT_MULTFLT_F5,MULTZ_MULTZ_MIDREEK,RMSGLOBPARAMS_COHIBA_MODEL_MODE,RMSGLOBPARAMS_FWL,INTERPOLATE_GO,INTERPOLATE_WO,MULTFLT_F1,MULTFLT_F2,MULTFLT_F3,MULTFLT_F4,MULTFLT_F5,MULTZ_MIDREEK,COHIBA_MODEL_MODE,FWL
0,iter-0,0,-0.826329,0.248699,-0.54227,-4.18138,-0.399399,-2.31132,-3.28454,-8.42581,0.2869,6.586e-05,0.398659,0.00488287,0.000519355,3.75139e-09,1,1699.69,-0.826329,0.248699,0.2869,6.586e-05,0.398659,0.00488287,0.000519355,3.75139e-09,1,1699.69
1,iter-0,1,0.316985,0.409402,-0.565209,-1.48574,-1.5339,-4.23363,-0.863293,-2.44306,0.272139,0.0326784,0.0292485,5.83945e-05,0.136996,0.00360531,1,1697.14,0.316985,0.409402,0.272139,0.0326784,0.0292485,5.83945e-05,0.136996,0.00360531,1,1697.14
2,iter-0,2,0.624352,-0.191427,-1.36583,-1.49268,-0.990032,-3.49278,-3.33624,-9.81092,0.04307,0.0321602,0.102322,0.000321526,0.000461061,1.54554e-10,1,1703.86,0.624352,-0.191427,0.04307,0.0321602,0.102322,0.000321526,0.000461061,1.54554e-10,1,1703.86
3,iter-0,3,-0.447921,0.314704,-1.57866,-3.12976,-1.28684,-0.206814,-3.6666,-6.42133,0.026384,0.000741726,0.0516605,0.621135,0.000215474,3.79027e-07,1,1704.22,-0.447921,0.314704,0.026384,0.000741726,0.0516605,0.621135,0.000215474,3.79027e-07,1,1704.22
4,iter-0,4,0.0959496,-0.719854,-0.992369,-4.74853,-1.51606,-4.61043,-1.77032,-3.58297,0.101773,1.78431e-05,0.0304746,2.45226e-05,0.0169701,0.000261236,1,1700.14,0.0959496,-0.719854,0.101773,1.78431e-05,0.0304746,2.45226e-05,0.0169701,0.000261236,1,1700.14
5,iter-0,5,0.230607,0.445677,-1.96568,-1.20843,-0.492547,-3.61197,-3.90836,-8.9325,0.0108223,0.0618829,0.321701,0.000244359,0.000123494,1.16815e-09,1,1711.43,0.230607,0.445677,0.0108223,0.0618829,0.321701,0.000244359,0.000123494,1.16815e-09,1,1711.43
6,iter-0,6,0.219819,0.26291,-0.245816,-2.49732,-1.21206,-1.59303,-2.18634,-0.616604,0.567785,0.00318186,0.0613683,0.0255253,0.00651117,0.241766,1,1704.58,0.219819,0.26291,0.567785,0.00318186,0.0613683,0.0255253,0.00651117,0.241766,1,1704.58
7,iter-0,7,-0.259267,0.965281,-1.96511,-0.210216,-1.43293,-1.44137,-1.15795,-2.44749,0.0108365,0.616289,0.0369035,0.0361932,0.0695097,0.00356873,1,1699.08,-0.259267,0.965281,0.0108365,0.616289,0.0369035,0.0361932,0.0695097,0.00356873,1,1699.08
8,iter-0,8,0.117705,-0.838415,-0.954381,-0.396258,-0.669994,-2.20543,-2.17956,-4.4911,0.111076,0.401552,0.213799,0.00623114,0.00661364,3.22778e-05,1,1707.36,0.117705,-0.838415,0.111076,0.401552,0.213799,0.00623114,0.00661364,3.22778e-05,1,1707.36
9,iter-0,9,-0.521157,0.75085,-0.705508,-3.85695,-1.52604,-2.13952,-2.03392,-0.56833,0.197012,0.000139011,0.0297822,0.00725233,0.00924871,0.27019,1,1704.81,-0.521157,0.75085,0.197012,0.000139011,0.0297822,0.00725233,0.00924871,0.27019,1,1704.81
10,iter-0,10,-0.306558,0.541239,-1.01526,-2.91844,-0.470481,-0.222797,-0.189809,-9.45802,0.0965468,0.0012066,0.338469,0.598691,0.645938,3.48318e-10,1,1709.08,-0.306558,0.541239,0.0965468,0.0012066,0.338469,0.598691,0.645938,3.48318e-10,1,1709.08
11,iter-0,11,-0.135162,-0.453666,-0.464002,-4.33946,-0.592103,-1.68514,-2.11028,-6.98894,0.343556,4.57656e-05,0.255798,0.0206473,0.00775753,1.02581e-07,1,1702.47,-0.135162,-0.453666,0.343556,4.57656e-05,0.255798,0.0206473,0.00775753,1.02581e-07,1,1702.47
12,iter-0,12,0.584765,0.554473,-1.92622,-3.61783,-1.79711,-3.85829,-2.94394,-6.25072,0.0118517,0.000241087,0.0159547,0.000138584,0.00113779,5.61405e-07,1,1714.02,0.584765,0.554473,0.0118517,0.000241087,0.0159547,0.000138584,0.00113779,5.61405e-07,1,1714.02
13,iter-0,13,0.176177,0.982855,-1.79676,-1.80359,-1.27536,-4.67758,-0.416739,-1.98804,0.0159676,0.0157186,0.0530445,2.10098e-05,0.383055,0.0102792,1,1707.06,0.176177,0.982855,0.0159676,0.0157186,0.0530445,2.10098e-05,0.383055,0.0102792,1,1707.06
14,iter-0,14,-0.19616,0.448701,-0.574596,-0.562132,-0.0692912,-1.11182,-0.359398,-6.84397,0.26632,0.274074,0.852528,0.0773003,0.437121,1.43229e-07,1,1695.87,-0.19616,0.448701,0.26632,0.274074,0.852528,0.0773003,0.437121,1.43229e-07,1,1695.87
15,iter-0,15,0.233299,0.743423,-1.1613,-0.132205,-1.73232,-2.20207,-4.8689,-6.93954,0.0689769,0.737556,0.0185216,0.00627963,1.35239e-05,1.14938e-07,1,1704.45,0.233299,0.743423,0.0689769,0.737556,0.0185216,0.00627963,1.35239e-05,1.14938e-07,1,1704.45
16,iter-0,16,0.284618,-0.318562,-0.728173,-3.12703,-0.0757336,-3.65493,-3.50975,-2.9827,0.186994,0.000746389,0.839975,0.000221345,0.000309208,0.00104065,1,1707.36,0.284618,-0.318562,0.186994,0.000746389,0.839975,0.000221345,0.000309208,0.00104065,1,1707.36
17,iter-0,17,0.921454,-0.101348,-1.64806,-3.09015,-1.16773,-3.51481,-2.70027,-9.03153,0.0224876,0.000812543,0.0679631,0.000305629,0.00199401,9.29969e-10,1,1709.99,0.921454,-0.101348,0.0224876,0.000812543,0.0679631,0.000305629,0.00199401,9.29969e-10,1,1709.99
18,iter-0,18,-0.0467534,0.334142,-1.46098,-3.11611,-1.24834,-2.32499,-1.61875,-6.89039,0.0345954,0.000765406,0.0564491,0.00473167,0.0240573,1.28711e-07,1,1700.18,-0.0467534,0.334142,0.0345954,0.000765406,0.0564491,0.00473167,0.0240573,1.28711e-07,1,1700.18
19,iter-0,19,0.906159,-0.309979,-0.916705,-1.50495,-1.59071,-2.83157,-1.10719,-6.57618,0.121142,0.0312642,0.0256621,0.00147379,0.0781283,2.65348e-07,1,1704.08,0.906159,-0.309979,0.121142,0.0312642,0.0256621,0.00147379,0.0781283,2.65348e-07,1,1704.08
20,iter-0,20,-0.703496,0.530708,-1.56637,-2.81831,-0.314787,-2.18914,-2.08921,-2.59886,0.027141,0.00151946,0.484409,0.00646929,0.0081432,0.00251848,1,1710.09,-0.703496,0.530708,0.027141,0.00151946,0.484409,0.00646929,0.0081432,0.00251848,1,1710.09
21,iter-0,21,0.463481,-0.744246,-0.201827,-1.49937,-1.7523,-2.90996,-4.83897,-1.57424,0.628309,0.031669,0.017689,0.00123038,1.44887e-05,0.0266536,1,1710.32,0.463481,-0.744246,0.628309,0.031669,0.017689,0.00123038,1.44887e-05,0.0266536,1,1710.32
22,iter-0,22,-0.0490168,-0.0663431,-0.415826,-4.3882,-0.799274,-3.64618,-4.12385,-0.21679,0.383861,4.09077e-05,0.158754,0.000225851,7.51877e-05,0.60703,1,1713.53,-0.0490168,-0.0663431,0.383861,4.09077e-05,0.158754,0.000225851,7.51877e-05,0.60703,1,1713.53
23,iter-0,23,-0.132215,0.532494,-0.723955,-0.792183,-1.08037,-1.78499,-2.48844,-7.98464,0.188819,0.161368,0.0831059,0.0164063,0.00324758,1.03599e-08,1,1704.96,-0.132215,0.532494,0.188819,0.161368,0.0831059,0.0164063,0.00324758,1.03599e-08,1,1704.96
24,iter-0,24,-0.862597,0.684984,-1.32766,-1.61462,-0.371443,-4.63356,-3.16196,-6.56238,0.0470258,0.0242871,0.425164,2.32512e-05,0.00068872,2.73916e-07,1,1709.76,-0.862597,0.684984,0.0470258,0.0242871,0.425164,2.32512e-05,0.00068872,2.73916e-07,1,1709.76
25,iter-0,25,-0.640515,-0.426145,-0.219499,-0.599218,-0.760309,-1.78418,-1.72886,-3.2691,0.603255,0.251641,0.173657,0.0164369,0.0186698,0.000538149,1,1700.65,-0.640515,-0.426145,0.603255,0.251641,0.173657,0.0164369,0.0186698,0.000538149,1,1700.65
26,iter-0,26,0.185574,0.394732,-1.05555,-3.53956,-1.61979,-4.31396,-1.78304,-1.83918,0.0879941,0.000288696,0.0240001,4.85339e-05,0.0164802,0.0144817,1,1699.55,0.185574,0.394732,0.0879941,0.000288696,0.0240001,4.85339e-05,0.0164802,0.0144817,1,1699.55
27,iter-0,27,-0.185235,-0.408532,-0.63798,-1.69221,-0.811311,-2.05582,-0.433832,-7.70996,0.230155,0.0203138,0.154415,0.00879393,0.368271,1.95001e-08,1,1700.36,-0.185235,-0.408532,0.230155,0.0203138,0.154415,0.00879393,0.368271,1.95001e-08,1,1700.36
28,iter-0,28,0.391129,-0.995303,-0.403349,-0.408745,-1.4648,-3.60183,-4.48095,-2.26782,0.395049,0.390171,0.0342923,0.000250134,3.30409e-05,0.00539733,1,1699.41,0.391129,-0.995303,0.395049,0.390171,0.0342923,0.000250134,3.30409e-05,0.00539733,1,1699.41
29,iter-0,29,0.980199,0.582567,-1.69341,-3.81866,-0.262631,-0.299847,-4.46134,-8.91886,0.0202577,0.000151824,0.546222,0.501364,3.4567e-05,1.20542e-09,1,1700.75,0.980199,0.582567,0.0202577,0.000151824,0.546222,0.501364,3.4567e-05,1.20542e-09,1,1700.75
30,iter-0,30,0.782514,-0.375603,-0.96754,-1.81768,-0.716009,-0.48361,-0.584383,-4.36861,0.10776,0.0152166,0.192305,0.32839,0.260386,4.27944e-05,1,1702.83,0.782514,-0.375603,0.10776,0.0152166,0.192305,0.32839,0.260386,4.27944e-05,1,1702.83
31,iter-0,31,-0.900628,0.392315,-0.221918,-0.520774,-1.72917,-4.72912,-4.64309,-3.86481,0.599905,0.301457,0.0186565,1.86585e-05,2.27462e-05,0.000136517,1,1703.75,-0.900628,0.392315,0.599905,0.301457,0.0186565,1.86585e-05,2.27462e-05,0.000136517,1,1703.75
32,iter-0,32,0.306438,0.0438471,-0.214019,-0.227703,-0.287108,-1.90812,-4.3577,-6.9235,0.610915,0.591967,0.516289,0.012356,4.3883e-05,1.19262e-07,1,1711.82,0.306438,0.0438471,0.610915,0.591967,0.516289,0.012356,4.3883e-05,1.19262e-07,1,1711.82
33,iter-0,33,-0.0987438,-0.128856,-1.91389,-1.2552,-1.72891,-0.54039,-0.45287,-6.62757,0.0121931,0.0555648,0.0186678,0.288144,0.352476,2.35738e-07,1,1704.33,-0.0987438,-0.128856,0.0121931,0.0555648,0.0186678,0.288144,0.352476,2.35738e-07,1,1704.33
34,iter-0,34,0.134748,0.090975,-0.579256,-3.61504,-1.38417,-4.26031,-1.57159,-1.79961,0.263478,0.000242637,0.0412884,5.49144e-05,0.0268167,0.0158631,1,1701.17,0.134748,0.090975,0.263478,0.000242637,0.0412884,5.49144e-05,0.0268167,0.0158631,1,1701.17
35,iter-0,35,0.849017,0.956637,-1.95401,-1.44189,-0.549198,-3.71332,-3.00158,-0.399762,0.0111171,0.03615,0.282359,0.000193498,0.00099638,0.398325,1,1712.45,0.849017,0.956637,0.0111171,0.03615,0.282359,0.000193498,0.00099638,0.398325,1,1712.45
36,iter-0,36,0.850948,0.900652,-1.08209,-0.306292,-0.235551,-3.42501,-0.591658,-2.9065,0.082778,0.493979,0.581365,0.000375826,0.25606,0.00124021,1,1703.77,0.850948,0.900652,0.082778,0.493979,0.581365,0.000375826,0.25606,0.00124021,1,1703.77
37,iter-0,37,-0.479632,-0.39432,-1.74253,-4.41724,-1.65526,-4.12808,-4.09183,-5.06877,0.0180913,3.82611e-05,0.0221178,7.44598e-05,8.09408e-05,8.53546e-06,1,1700.96,-0.479632,-0.39432,0.0180913,3.82611e-05,0.0221178,7.44598e-05,8.09408e-05,8.53546e-06,1,1700.96
38,iter-0,38,-0.898341,0.389955,-0.968041,-2.64709,-1.40295,-4.0361,-3.25173,-2.53138,0.107636,0.00225376,0.0395409,9.2024e-05,0.000560111,0.00294185,1,1703.02,-0.898341,0.389955,0.107636,0.00225376,0.0395409,9.2024e-05,0.000560111,0.00294185,1,1703.02
39,iter-0,39,0.768724,-0.678779,-0.956753,-0.934425,-0.523376,-2.19413,-1.10245,-0.773527,0.110471,0.116299,0.299656,0.00639537,0.0789858,0.168451,1,1704.62,0.768724,-0.678779,0.110471,0.116299,0.299656,0.00639537,0.0789858,0.168451,1,1704.62
40,iter-0,40,0.667631,0.343795,-1.13697,-2.55284,-1.01215,-1.20727,-4.54218,-3.62034,0.0729506,0.00279999,0.0972406,0.0620478,2.86956e-05,0.000239695,1,1709.77,0.667631,0.343795,0.0729506,0.00279999,0.0972406,0.0620478,2.86956e-05,0.000239695,1,1709.77
41,iter-0,41,0.393953,-0.317301,-0.41289,-3.01028,-1.10498,-1.53576,-0.579787,-8.86544,0.386465,0.000976613,0.0785266,0.0291234,0.263156,1.36319e-09,1,1708.89,0.393953,-0.317301,0.386465,0.000976613,0.0785266,0.0291234,0.263156,1.36319e-09,1,1708.89
42,iter-0,42,0.781254,0.51427,-1.97849,-3.83537,-1.51462,-2.43455,-4.57328,-6.14674,0.0105079,0.000146092,0.0305756,0.00367661,2.67129e-05,7.13279e-07,1,1704.24,0.781254,0.51427,0.0105079,0.000146092,0.0305756,0.00367661,2.67129e-05,7.13279e-07,1,1704.24
43,iter-0,43,-0.7963,0.148118,-1.74576,-1.60075,-1.49662,-0.705385,-1.53293,-6.80321,0.0179574,0.0250755,0.03187,0.197068,0.0293135,1.57323e-07,1,1709.88,-0.7963,0.148118,0.0179574,0.0250755,0.03187,0.197068,0.0293135,1.57323e-07,1,1709.88
44,iter-0,44,-0.740276,0.627831,-0.34744,-0.387853,-0.266064,-4.00906,-0.571976,-7.93958,0.449325,0.409399,0.541921,9.79348e-05,0.267931,1.14926e-08,1,1699.38,-0.740276,0.627831,0.449325,0.409399,0.541921,9.79348e-05,0.267931,1.14926e-08,1,1699.38
45,iter-0,45,-0.880184,-0.79396,-0.395483,-4.33663,-0.704612,-2.98586,-4.20457,-7.66795,0.402269,4.60652e-05,0.197419,0.0010331,6.24356e-05,2.14807e-08,1,1699.93,-0.880184,-0.79396,0.402269,4.60652e-05,0.197419,0.0010331,6.24356e-05,2.14807e-08,1,1699.93
46,iter-0,46,-0.543329,-0.700875,-0.447371,-0.0893569,-0.755699,-1.01928,-0.00613434,-0.517858,0.356967,0.814035,0.17551,0.0956567,0.985974,0.303488,1,1711.41,-0.543329,-0.700875,0.356967,0.814035,0.17551,0.0956567,0.985974,0.303488,1,1711.41
47,iter-0,47,-0.0846108,0.600649,-1.2021,-2.02526,-0.751974,-0.487696,-0.552255,-8.77168,0.0627908,0.00943496,0.177022,0.325315,0.280379,1.69167e-09,1,1707.63,-0.0846108,0.600649,0.0627908,0.00943496,0.177022,0.325315,0.280379,1.69167e-09,1,1707.63
48,iter-0,48,0.997268,0.0811266,-0.364818,-2.26593,-0.801596,-1.29708,-3.2353,-9.55624,0.4317,0.0054209,0.157908,0.0504571,0.000581699,2.77819e-10,1,1716.87,0.997268,0.0811266,0.4317,0.0054209,0.157908,0.0504571,0.000581699,2.77819e-10,1,1716.87
49,iter-0,49,0.628746,0.945947,-1.5947,-4.42907,-1.02899,-0.810767,-3.97443,-9.17326,0.0254272,3.72335e-05,0.0935422,0.154608,0.000106064,6.71027e-10,1,1704.81,0.628746,0.945947,0.0254272,3.72335e-05,0.0935422,0.154608,0.000106064,6.71027e-10,1,1704.81
50,iter-0,50,0.527225,0.748805,-0.894058,-4.4217,-1.46732,-2.59819,-2.76384,-5.89388,0.127627,3.78707e-05,0.0340943,0.00252237,0.00172252,1.27678e-06,1,1710.95,0.527225,0.748805,0.127627,3.78707e-05,0.0340943,0.00252237,0.00172252,1.27678e-06,1,1710.95
51,iter-0,51,0.514047,-0.260423,-0.998118,-0.194741,-1.94581,-4.72777,-2.66958,-0.548749,0.100434,0.638644,0.0113291,1.87166e-05,0.00214005,0.282652,1,1708.92,0.514047,-0.260423,0.100434,0.638644,0.0113291,1.87166e-05,0.00214005,0.282652,1,1708.92
52,iter-0,52,-0.905184,0.732348,-1.96775,-4.69535,-1.61545,-0.726286,-2.04363,-5.64511,0.0107709,2.01673e-05,0.0242411,0.187808,0.00904422,2.26407e-06,1,1705.44,-0.905184,0.732348,0.0107709,2.01673e-05,0.0242411,0.187808,0.00904422,2.26407e-06,1,1705.44
53,iter-0,53,0.266562,0.536608,-1.78769,-1.59126,-0.5901,-2.96347,-0.355069,-9.93739,0.0163047,0.0256294,0.25698,0.00108775,0.4415,1.15507e-10,1,1708.11,0.266562,0.536608,0.0163047,0.0256294,0.25698,0.00108775,0.4415,1.15507e-10,1,1708.11
54,iter-0,54,0.00792613,0.577231,-0.760059,-0.363951,-0.639631,-2.44015,-4.32317,-9.6999,0.173757,0.432563,0.229282,0.00362949,4.75145e-05,1.99574e-10,1,1710.11,0.00792613,0.577231,0.173757,0.432563,0.229282,0.00362949,4.75145e-05,1.99574e-10,1,1710.11
55,iter-0,55,0.446515,0.634173,-0.251123,-4.04841,-0.22831,-3.49659,-3.1617,-6.44899,0.560889,8.94517e-05,0.59114,0.000318724,0.000689126,3.55639e-07,1,1706.87,0.446515,0.634173,0.560889,8.94517e-05,0.59114,0.000318724,0.000689126,3.55639e-07,1,1706.87
56,iter-0,56,0.160657,0.800785,-1.81016,-1.21889,-0.746252,-1.19528,-3.95134,-4.51102,0.0154825,0.0604107,0.179369,0.0637848,0.000111856,3.08307e-05,1,1698.22,0.160657,0.800785,0.0154825,0.0604107,0.179369,0.0637848,0.000111856,3.08307e-05,1,1698.22
57,iter-0,57,0.319542,0.789263,-1.07419,-1.0865,-1.94446,-0.407358,-2.44282,-5.44506,0.0842964,0.0819399,0.0113643,0.391419,0.00360725,3.5887e-06,1,1704.19,0.319542,0.789263,0.0842964,0.0819399,0.0113643,0.391419,0.00360725,3.5887e-06,1,1704.19
58,iter-0,58,0.850684,-0.645857,-0.676478,-3.80536,-0.52191,-4.44502,-3.92247,-9.78169,0.210631,0.000156544,0.30067,3.58903e-05,0.000119544,1.65314e-10,1,1704.79,0.850684,-0.645857,0.210631,0.000156544,0.30067,3.58903e-05,0.000119544,1.65314e-10,1,1704.79
59,iter-0,59,-0.35214,0.42122,-0.0266679,-3.72297,-1.63742,-1.50919,-3.75611,-0.134304,0.940442,0.000189247,0.0230454,0.0309604,0.000175345,0.734,1,1702.06,-0.35214,0.42122,0.940442,0.000189247,0.0230454,0.0309604,0.000175345,0.734,1,1702.06
60,iter-0,60,0.677617,0.114067,-0.340462,-0.662381,-0.0370068,-0.748613,-2.4758,-9.92848,0.456602,0.21758,0.918318,0.178397,0.00334346,1.179e-10,1,1704.08,0.677617,0.114067,0.456602,0.21758,0.918318,0.178397,0.00334346,1.179e-10,1,1704.08
61,iter-0,61,-0.907445,0.348674,-1.63464,-1.8543,-0.254779,-1.69181,-4.7068,-4.24305,0.0231933,0.0139861,0.556187,0.0203324,1.96429e-05,5.71411e-05,1,1705.78,-0.907445,0.348674,0.0231933,0.0139861,0.556187,0.0203324,1.96429e-05,5.71411e-05,1,1705.78
62,iter-0,62,0.882954,0.00112565,-0.797476,-4.93157,-1.69703,-0.0536749,-2.05496,-8.1287,0.159413,1.17065e-05,0.0200896,0.883741,0.00881123,7.43528e-09,1,1698.88,0.882954,0.00112565,0.159413,1.17065e-05,0.0200896,0.883741,0.00881123,7.43528e-09,1,1698.88
63,iter-0,63,-0.191481,0.796099,-1.61363,-3.73987,-1.02114,-0.098371,-1.53767,-4.99149,0.0243427,0.000182025,0.0952482,0.797313,0.0289956,1.0198e-05,1,1705.79,-0.191481,0.796099,0.0243427,0.000182025,0.0952482,0.797313,0.0289956,1.0198e-05,1,1705.79
64,iter-0,64,-0.21504,-0.999391,-1.75834,-2.43589,-0.505447,-0.783164,-2.95359,-8.33155,0.0174445,0.00366533,0.312286,0.164754,0.00111279,4.66066e-09,1,1706.44,-0.21504,-0.999391,0.0174445,0.00366533,0.312286,0.164754,0.00111279,4.66066e-09,1,1706.44
65,iter-0,65,-0.289489,0.204409,-0.16981,-2.56639,-1.20703,-2.58802,-2.70886,-1.97386,0.676379,0.00271399,0.0620821,0.00258213,0.00195496,0.0106205,1,1705.53,-0.289489,0.204409,0.676379,0.00271399,0.0620821,0.00258213,0.00195496,0.0106205,1,1705.53
66,iter-0,66,0.50371,0.553768,-1.97351,-3.01536,-0.426475,-4.34162,-2.67541,-8.88909,0.010629,0.000965255,0.374563,4.55389e-05,0.0021115,1.29095e-09,1,1708.13,0.50371,0.553768,0.010629,0.000965255,0.374563,4.55389e-05,0.0021115,1.29095e-09,1,1708.13
67,iter-0,67,0.8506,0.453507,-1.74728,-3.27798,-0.596403,-1.20807,-4.17665,-4.49883,0.0178946,0.000527254,0.253278,0.0619335,6.65804e-05,3.17078e-05,1,1711.84,0.8506,0.453507,0.0178946,0.000527254,0.253278,0.0619335,6.65804e-05,3.17078e-05,1,1711.84
68,iter-0,68,-0.897566,0.4778,-1.97488,-4.08016,-1.0107,-3.35081,-0.374233,-9.68686,0.0105954,8.3146e-05,0.0975672,0.000445856,0.422441,2.05654e-10,1,1696.12,-0.897566,0.4778,0.0105954,8.3146e-05,0.0975672,0.000445856,0.422441,2.05654e-10,1,1696.12
69,iter-0,69,-0.256,-0.484215,-0.535323,-4.17753,-0.0483124,-4.1438,-2.05672,-9.84279,0.291526,6.64459e-05,0.894721,7.18119e-05,0.00877559,1.43619e-10,1,1699.56,-0.256,-0.484215,0.291526,6.64459e-05,0.894721,7.18119e-05,0.00877559,1.43619e-10,1,1699.56
70,iter-0,70,0.849626,-0.308764,-0.114082,-2.37115,-1.9591,-2.76994,-3.36394,-8.28146,0.768985,0.00425451,0.0109875,0.00169849,0.000432574,5.23044e-09,1,1705.76,0.849626,-0.308764,0.768985,0.00425451,0.0109875,0.00169849,0.000432574,5.23044e-09,1,1705.76
71,iter-0,71,-0.203556,-0.346782,-1.4272,-1.62002,-0.54185,-4.14224,-2.40057,-2.8659,0.0373934,0.0239871,0.287177,7.20716e-05,0.00397581,0.00136175,1,1705.56,-0.203556,-0.346782,0.0373934,0.0239871,0.287177,7.20716e-05,0.00397581,0.00136175,1,1705.56
72,iter-0,72,-0.400831,-0.165217,-0.583376,-1.10673,-0.972191,-1.56911,-3.3749,-8.11289,0.26099,0.0782115,0.106613,0.0269707,0.000421792,7.71103e-09,1,1704.73,-0.400831,-0.165217,0.26099,0.0782115,0.106613,0.0269707,0.000421792,7.71103e-09,1,1704.73
73,iter-0,73,-0.782672,-0.863508,-0.864692,-1.43422,-0.251877,-1.26584,-1.64145,-2.70496,0.136555,0.036794,0.559917,0.0542196,0.0228325,0.00197262,1,1709.91,-0.782672,-0.863508,0.136555,0.036794,0.559917,0.0542196,0.0228325,0.00197262,1,1709.91
74,iter-0,74,-0.323743,0.558928,-0.340014,-4.04578,-0.464072,-3.93781,-2.56256,-0.887877,0.457074,8.99952e-05,0.343501,0.000115395,0.00273806,0.129456,1,1702.73,-0.323743,0.558928,0.457074,8.99952e-05,0.343501,0.000115395,0.00273806,0.129456,1,1702.73
75,iter-0,75,-0.43672,0.392711,-1.70314,-3.97483,-0.441991,-1.81009,-3.0995,-2.62802,0.0198088,0.000105967,0.361417,0.0154851,0.000795243,0.00235496,1,1696.08,-0.43672,0.392711,0.0198088,0.000105967,0.361417,0.0154851,0.000795243,0.00235496,1,1696.08
76,iter-0,76,-0.159044,0.650549,-1.57123,-1.66119,-1.18578,-2.70722,-1.08336,-0.213111,0.026839,0.021818,0.0651962,0.00196235,0.0825351,0.612193,1,1705.89,-0.159044,0.650549,0.026839,0.021818,0.0651962,0.00196235,0.0825351,0.612193,1,1705.89
77,iter-0,77,0.760491,0.976307,-0.181506,-0.325071,-1.3482,-2.85776,-2.93225,-7.74833,0.658407,0.473074,0.0448539,0.00138751,0.00116883,1.78513e-08,1,1714.58,0.760491,0.976307,0.658407,0.473074,0.0448539,0.00138751,0.00116883,1.78513e-08,1,1714.58
78,iter-0,78,-0.324284,0.00783129,-1.92181,-3.45991,-0.405761,-2.48827,-4.80122,-8.99779,0.0119725,0.000346805,0.392861,0.00324886,1.58046e-05,1.00509e-09,1,1709.22,-0.324284,0.00783129,0.0119725,0.000346805,0.392861,0.00324886,1.58046e-05,1.00509e-09,1,1709.22
79,iter-0,79,-0.705021,0.206509,-0.734002,-4.79124,-0.912016,-4.3934,-2.5794,-9.69706,0.184501,1.61718e-05,0.122457,4.04199e-05,0.00263391,2.00879e-10,1,1719.63,-0.705021,0.206509,0.184501,1.61718e-05,0.122457,4.04199e-05,0.00263391,2.00879e-10,1,1719.63
80,iter-0,80,-0.883359,0.116165,-1.73555,-3.60613,-0.0850064,-1.32851,-1.05474,-8.00807,0.0183845,0.000247667,0.822231,0.0469348,0.0881575,9.81583e-09,1,1699.38,-0.883359,0.116165,0.0183845,0.000247667,0.822231,0.0469348,0.0881575,9.81583e-09,1,1699.38
81,iter-0,81,-0.641456,-0.479843,-0.999529,-0.841215,-0.364694,-3.07958,-0.878699,-6.62687,0.100108,0.14414,0.431823,0.000832566,0.132221,2.36117e-07,1,1703.57,-0.641456,-0.479843,0.100108,0.14414,0.431823,0.000832566,0.132221,2.36117e-07,1,1703.57
82,iter-0,82,-0.620965,0.192448,-0.487783,-1.04588,-1.36472,-0.257637,-4.33232,-4.78701,0.32525,0.0899739,0.0431794,0.552539,4.65245e-05,1.63302e-05,1,1713.87,-0.620965,0.192448,0.32525,0.0899739,0.0431794,0.552539,4.65245e-05,1.63302e-05,1,1713.87
83,iter-0,83,-0.77858,-0.895925,-0.83835,-3.41008,-0.938526,-3.94135,-3.33441,-3.77927,0.145094,0.000388974,0.115206,0.00011446,0.000463008,0.000166237,1,1716.94,-0.77858,-0.895925,0.145094,0.000388974,0.115206,0.00011446,0.000463008,0.000166237,1,1716.94
84,iter-0,84,0.847311,-0.370483,-1.60179,-1.05267,-0.649129,-1.9421,-4.3801,-0.857649,0.0250154,0.0885786,0.224322,0.0114261,4.16778e-05,0.138788,1,1703.93,0.847311,-0.370483,0.0250154,0.0885786,0.224322,0.0114261,4.16778e-05,0.138788,1,1703.93
85,iter-0,85,-0.00704137,-0.732389,-0.374255,-3.97538,-0.396961,-3.29246,-1.70726,-9.00505,0.422421,0.000105834,0.400903,0.000509969,0.019622,9.88428e-10,1,1703.77,-0.00704137,-0.732389,0.422421,0.000105834,0.400903,0.000509969,0.019622,9.88428e-10,1,1703.77
86,iter-0,86,0.0691032,0.902837,-0.882366,-1.31823,-1.92206,-4.08592,-0.999194,-2.79485,0.13111,0.0480582,0.0119658,8.20511e-05,0.100186,0.00160379,1,1698.66,0.0691032,0.902837,0.13111,0.0480582,0.0119658,8.20511e-05,0.100186,0.00160379,1,1698.66
87,iter-0,87,0.000936866,0.653497,-0.161135,-2.30041,-0.14771,-2.27879,-0.130284,-8.34467,0.690025,0.00500716,0.711689,0.00526277,0.740826,4.52197e-09,1,1711.78,0.000936866,0.653497,0.690025,0.00500716,0.711689,0.00526277,0.740826,4.52197e-09,1,1711.78
88,iter-0,88,-0.993311,0.412326,-1.55542,-0.352328,-1.24718,-1.81993,-4.54886,-6.38708,0.027834,0.444296,0.0566011,0.015138,2.82582e-05,4.10129e-07,1,1705.03,-0.993311,0.412326,0.027834,0.444296,0.0566011,0.015138,2.82582e-05,4.10129e-07,1,1705.03
89,iter-0,89,0.475052,0.971919,-1.33496,-2.95403,-1.21755,-4.5118,-2.33604,-8.13949,0.0462423,0.00111164,0.0605973,3.07751e-05,0.00461271,7.25286e-09,1,1706.82,0.475052,0.971919,0.0462423,0.00111164,0.0605973,3.07751e-05,0.00461271,7.25286e-09,1,1706.82
90,iter-0,90,-0.00843669,0.619216,-1.28426,-4.77657,-0.55183,-3.37035,-2.67113,-3.87195,0.0519683,1.67274e-05,0.280653,0.000426234,0.00213242,0.000134291,1,1716.7,-0.00843669,0.619216,0.0519683,1.67274e-05,0.280653,0.000426234,0.00213242,0.000134291,1,1716.7
91,iter-0,91,0.713975,-0.862784,-1.43406,-2.69779,-0.299843,-4.81986,-0.615413,-2.39555,0.0368078,0.00200546,0.501369,1.51403e-05,0.24243,0.00402206,1,1708.28,0.713975,-0.862784,0.0368078,0.00200546,0.501369,1.51403e-05,0.24243,0.00402206,1,1708.28
92,iter-0,92,-0.500095,0.404838,-0.9249,-1.59511,-1.22056,-0.832048,-0.371941,-5.43336,0.118877,0.0254031,0.0601782,0.147215,0.424677,3.68671e-06,1,1712.77,-0.500095,0.404838,0.118877,0.0254031,0.0601782,0.147215,0.424677,3.68671e-06,1,1712.77
93,iter-0,93,0.266003,-0.550709,-0.089027,-2.42554,-1.94701,-1.75384,-1.45531,-8.29796,0.814654,0.00375371,0.0112977,0.0176264,0.0350499,5.03546e-09,1,1707.47,0.266003,-0.550709,0.814654,0.00375371,0.0112977,0.0176264,0.0350499,5.03546e-09,1,1707.47
94,iter-0,94,-0.380662,0.958617,-0.452144,-0.427481,-1.37243,-2.74398,-2.3124,-8.9117,0.353066,0.373697,0.0424196,0.0018031,0.00487074,1.22546e-09,1,1706.26,-0.380662,0.958617,0.353066,0.373697,0.0424196,0.0018031,0.00487074,1.22546e-09,1,1706.26
95,iter-0,95,0.783836,0.0164634,-0.711326,-4.13938,-1.24738,-0.509324,-3.9385,-1.48695,0.19439,7.25468e-05,0.0565741,0.309511,0.000115213,0.0325872,1,1702.62,0.783836,0.0164634,0.19439,7.25468e-05,0.0565741,0.309511,0.000115213,0.0325872,1,1702.62
96,iter-0,96,0.231891,-0.513534,-0.909996,-0.614109,-1.90092,-3.42972,-3.45237,-7.53206,0.123028,0.243159,0.0125625,0.000371778,0.000352884,2.93727e-08,1,1703.02,0.231891,-0.513534,0.123028,0.243159,0.0125625,0.000371778,0.000352884,2.93727e-08,1,1703.02
97,iter-0,97,-0.125683,0.693895,-0.570704,-2.10954,-0.438972,-0.444163,-4.80819,-6.2148,0.268718,0.00777061,0.363939,0.359614,1.55528e-05,6.09811e-07,1,1704.4,-0.125683,0.693895,0.268718,0.00777061,0.363939,0.359614,1.55528e-05,6.09811e-07,1,1704.4
98,iter-0,98,-0.030992,-0.494366,-0.243941,-1.64459,-1.10257,-3.07883,-2.08412,-9.53555,0.570242,0.0226677,0.0789634,0.000834004,0.00823916,2.91374e-10,1,1702.36,-0.030992,-0.494366,0.570242,0.0226677,0.0789634,0.000834004,0.00823916,2.91374e-10,1,1702.36
99,iter-0,99,-0.25878,-0.507778,-1.31879,-2.02417,-1.66672,-2.84044,-4.16163,-3.76225,0.0479961,0.00945872,0.0215416,0.00144398,6.89236e-05,0.000172881,1,1705.87,-0.25878,-0.507778,0.0479961,0.00945872,0.0215416,0.00144398,6.89236e-05,0.000172881,1,1705.87
0,iter-1,0,-0.907778,-0.980792,-0.132377,-1.57783,-0.850018,-3.09107,-2.50348,-2.72531,0.737265,0.0264342,0.141248,0.000810833,0.00313707,0.00188231,1,1700.4,-0.907778,-0.980792,0.737265,0.0264342,0.141248,0.000810833,0.00313707,0.00188231,1,1700.4
1,iter-1,1,-0.7949,-0.981639,-0.860656,-2.15155,-0.704208,-3.40504,-2.01653,-2.24494,0.13783,0.00705418,0.197602,0.000393514,0.00962658,0.0056893,1,1700.26,-0.7949,-0.981639,0.13783,0.00705418,0.197602,0.000393514,0.00962658,0.0056893,1,1700.26
2,iter-1,2,-0.0999933,-0.923336,-0.467991,-1.49239,-0.732789,-3.98388,-2.70131,-7.73266,0.340415,0.0321818,0.185017,0.00010378,0.00198926,1.85073e-08,1,1702.12,-0.0999933,-0.923336,0.340415,0.0321818,0.185017,0.00010378,0.00198926,1.85073e-08,1,1702.12
3,iter-1,3,-0.94178,-0.99136,-0.844016,-1.32355,-0.660353,-0.903531,-2.54554,-3.00127,0.143213,0.0474737,0.218599,0.124873,0.00284749,0.000997074,1,1705.38,-0.94178,-0.99136,0.143213,0.0474737,0.218599,0.124873,0.00284749,0.000997074,1,1705.38
4,iter-1,4,-0.293785,-0.955057,-0.38493,-3.84356,-0.855719,-3.69178,-1.21225,-2.63696,0.412164,0.000143364,0.139406,0.000203337,0.0613415,0.00230699,1,1704.38,-0.293785,-0.955057,0.412164,0.000143364,0.139406,0.000203337,0.0613415,0.00230699,1,1704.38
5,iter-1,5,-0.893198,-0.979161,-1.06892,-2.00116,-0.613331,-3.96252,-1.76523,-4.04274,0.0853255,0.00997326,0.243596,0.000109013,0.01717,9.06268e-05,1,1705.61,-0.893198,-0.979161,0.0853255,0.00997326,0.243596,0.000109013,0.01717,9.06268e-05,1,1705.61
6,iter-1,6,-0.67505,-0.993442,-0.037305,-1.31812,-0.521873,-2.46724,-1.09976,-2.32092,0.917688,0.0480705,0.300696,0.00341005,0.0794767,0.00477618,1,1703.71,-0.67505,-0.993442,0.917688,0.0480705,0.300696,0.00341005,0.0794767,0.00477618,1,1703.71
7,iter-1,7,-0.465063,-0.730825,-1.39875,-0.814385,-0.371912,-2.70054,-2.95591,-4.23741,0.0399257,0.153326,0.424705,0.00199279,0.00110685,5.78885e-05,1,1704.67,-0.465063,-0.730825,0.0399257,0.153326,0.424705,0.00199279,0.00110685,5.78885e-05,1,1704.67
8,iter-1,8,-0.143925,-0.960209,-1.34562,-1.23808,-0.84607,-2.23007,-1.55685,-1.12393,0.0451216,0.0577995,0.142538,0.00588744,0.027743,0.075175,1,1704.84,-0.143925,-0.960209,0.0451216,0.0577995,0.142538,0.00588744,0.027743,0.075175,1,1704.84
9,iter-1,9,-0.913597,-0.96936,-0.407029,-1.31088,-0.964739,-3.40861,-3.06013,-4.55844,0.391715,0.048879,0.108458,0.000390288,0.000870694,2.76411e-05,1,1703.59,-0.913597,-0.96936,0.391715,0.048879,0.108458,0.000390288,0.000870694,2.76411e-05,1,1703.59
10,iter-1,10,-0.614255,-0.829426,-0.543086,-1.23009,-1.16006,-1.07127,-1.57263,-1.25577,0.286361,0.0588721,0.0691738,0.084866,0.0267529,0.055492,1,1705.3,-0.614255,-0.829426,0.286361,0.0588721,0.0691738,0.084866,0.0267529,0.055492,1,1705.3
11,iter-1,11,0.0767929,-0.98778,-0.540926,-1.83236,-0.289315,-1.81073,-1.99697,-5.74992,0.287789,0.0147108,0.513671,0.0154623,0.01007,1.77863e-06,1,1703.36,0.0767929,-0.98778,0.287789,0.0147108,0.513671,0.0154623,0.01007,1.77863e-06,1,1703.36
12,iter-1,12,-0.219362,-0.984621,-0.929433,-0.728955,-1.67599,-2.30702,-2.77578,-4.38931,0.117643,0.186657,0.0210866,0.00493153,0.00167578,4.0803e-05,1,1704.51,-0.219362,-0.984621,0.117643,0.186657,0.0210866,0.00493153,0.00167578,4.0803e-05,1,1704.51
13,iter-1,13,-0.524622,-0.865816,-1.1965,-2.98414,-0.84706,-4.40655,-2.05093,-2.23791,0.0636067,0.0010372,0.142213,3.92151e-05,0.00889337,0.00578213,1,1704.83,-0.524622,-0.865816,0.0636067,0.0010372,0.142213,3.92151e-05,0.00889337,0.00578213,1,1704.83
14,iter-1,14,-0.17795,-0.860309,-0.642739,-1.64894,-0.240007,-1.95441,-1.73205,-4.85011,0.227647,0.0224421,0.575431,0.0111068,0.0185331,1.41219e-05,1,1703.2,-0.17795,-0.860309,0.227647,0.0224421,0.575431,0.0111068,0.0185331,1.41219e-05,1,1703.2
15,iter-1,15,-0.729731,-0.987256,-0.131549,-0.216408,-1.42556,-3.41417,-4.70907,-5.10013,0.73867,0.607564,0.0375352,0.000385331,1.95404e-05,7.94094e-06,1,1703.49,-0.729731,-0.987256,0.73867,0.607564,0.0375352,0.000385331,1.95404e-05,7.94094e-06,1,1703.49
16,iter-1,16,-0.221783,-0.981493,-0.346128,-1.84969,-0.23235,-3.84497,-2.45896,-4.84314,0.450684,0.0141355,0.585666,0.000142898,0.00347568,1.43502e-05,1,1702.41,-0.221783,-0.981493,0.450684,0.0141355,0.585666,0.000142898,0.00347568,1.43502e-05,1,1702.41
17,iter-1,17,0.102925,-0.98146,-0.688259,-1.10287,-0.920783,-3.16143,-3.08018,-6.09834,0.204994,0.0789103,0.12001,0.000689553,0.000831423,7.97376e-07,1,1705.71,0.102925,-0.98146,0.204994,0.0789103,0.12001,0.000689553,0.000831423,7.97376e-07,1,1705.71
18,iter-1,18,-0.765562,-0.990923,-0.626568,-2.31884,-0.933503,-2.51887,-1.00712,-3.44106,0.236283,0.00479907,0.116546,0.00302782,0.098373,0.000362195,1,1705.03,-0.765562,-0.990923,0.236283,0.00479907,0.116546,0.00302782,0.098373,0.000362195,1,1705.03
19,iter-1,19,-0.0910943,-0.928307,-0.590659,-0.893162,-0.955284,-2.28925,-3.91731,-2.45008,0.25665,0.12789,0.110845,0.00513744,0.000120974,0.00354745,1,1705.73,-0.0910943,-0.928307,0.25665,0.12789,0.110845,0.00513744,0.000120974,0.00354745,1,1705.73
20,iter-1,20,-0.439027,-0.927291,-0.674582,-1.06841,-0.270359,-2.38107,-3.18586,-3.99043,0.211553,0.0854264,0.536588,0.00415845,0.000651833,0.000102227,1,1704.41,-0.439027,-0.927291,0.211553,0.0854264,0.536588,0.00415845,0.000651833,0.000102227,1,1704.41
21,iter-1,21,-0.624549,-0.999484,-0.0217593,-1.78187,-0.576695,-3.34444,-4.18536,-3.36566,0.951132,0.0165246,0.265036,0.000452444,6.52586e-05,0.000430861,1,1704.65,-0.624549,-0.999484,0.951132,0.0165246,0.265036,0.000452444,6.52586e-05,0.000430861,1,1704.65
22,iter-1,22,-0.462098,-0.992305,-0.809661,-3.09962,-0.424534,-3.38368,-2.6205,-2.50462,0.155003,0.000795016,0.376241,0.000413352,0.00239606,0.00312882,1,1708.77,-0.462098,-0.992305,0.155003,0.000795016,0.376241,0.000413352,0.00239606,0.00312882,1,1708.77
23,iter-1,23,-0.45738,-0.817985,-0.126022,-0.582034,-0.652748,-2.16592,-2.89423,-7.67276,0.748132,0.261798,0.22246,0.00682471,0.00127577,2.12444e-08,1,1708.79,-0.45738,-0.817985,0.748132,0.261798,0.22246,0.00682471,0.00127577,2.12444e-08,1,1708.79
24,iter-1,24,-0.929954,-0.975601,-0.453698,-1.97755,-0.379882,-4.80219,-3.752,-4.20563,0.351805,0.0105305,0.416983,1.57692e-05,0.00017701,6.22831e-05,1,1704.82,-0.929954,-0.975601,0.351805,0.0105305,0.416983,1.57692e-05,0.00017701,6.22831e-05,1,1704.82
25,iter-1,25,-0.889242,-0.988682,-0.150771,-1.20604,-0.47189,-2.53364,-3.13778,-2.63227,0.70669,0.0622236,0.337372,0.00292655,0.00072815,0.002332,1,1706.79,-0.889242,-0.988682,0.70669,0.0622236,0.337372,0.00292655,0.00072815,0.002332,1,1706.79
26,iter-1,26,-0.486112,-0.98831,-0.593418,-1.18443,-0.757443,-3.74246,-4.27906,-2.73346,0.255025,0.0653983,0.174806,0.000180942,5.2595e-05,0.0018473,1,1708.32,-0.486112,-0.98831,0.255025,0.0653983,0.174806,0.000180942,5.2595e-05,0.0018473,1,1708.32
27,iter-1,27,-0.0645029,-0.987179,-0.287351,-1.33057,-0.842073,-3.64001,-2.9423,-2.1057,0.515999,0.0467121,0.143856,0.00022908,0.0011421,0.0078397,1,1701.95,-0.0645029,-0.987179,0.515999,0.0467121,0.143856,0.00022908,0.0011421,0.0078397,1,1701.95
28,iter-1,28,-0.213302,-0.999449,-0.461402,-0.278751,-1.2996,-4.28828,-4.4713,-3.75336,0.345619,0.526319,0.0501649,5.149e-05,3.37832e-05,0.000176456,1,1703.35,-0.213302,-0.999449,0.345619,0.526319,0.0501649,5.149e-05,3.37832e-05,0.000176456,1,1703.35
29,iter-1,29,0.0280388,-0.982682,-0.52891,-1.54134,-0.368929,-2.39102,-3.89409,-6.46911,0.295863,0.0287517,0.427632,0.00406426,0.000127618,3.39543e-07,1,1703.5,0.0280388,-0.982682,0.295863,0.0287517,0.427632,0.00406426,0.000127618,3.39543e-07,1,1703.5
30,iter-1,30,-0.0464192,-0.99151,-0.294501,-3.34096,-0.323149,-0.368034,-1.48468,-1.50214,0.507573,0.00045608,0.475172,0.428515,0.0327578,0.0314675,1,1704.17,-0.0464192,-0.99151,0.507573,0.00045608,0.475172,0.428515,0.0327578,0.0314675,1,1704.17
31,iter-1,31,-0.945977,-0.86331,-0.199764,-1.26687,-1.31013,-4.75288,-4.33946,-3.30855,0.6313,0.0540918,0.0489629,1.76651e-05,4.57661e-05,0.000491416,1,1706.26,-0.945977,-0.86331,0.6313,0.0540918,0.0489629,1.76651e-05,4.57661e-05,0.000491416,1,1706.26
32,iter-1,32,0.105765,-0.880447,-0.135793,-0.882787,-0.853607,-2.892,-3.86059,-5.80976,0.731487,0.130983,0.140086,0.00128232,0.000137852,1.54966e-06,1,1706.93,0.105765,-0.880447,0.731487,0.130983,0.140086,0.00128232,0.000137852,1.54966e-06,1,1706.93
33,iter-1,33,-0.880182,-0.978285,-1.87635,-1.44016,-0.917128,-1.86392,-0.934174,-2.25644,0.0132938,0.0362947,0.121024,0.0136798,0.116366,0.00554063,1,1698.61,-0.880182,-0.978285,0.0132938,0.0362947,0.121024,0.0136798,0.116366,0.00554063,1,1698.61
34,iter-1,34,-0.190439,-0.973145,-0.713459,-1.72521,-1.12257,-4.37518,-2.21348,-1.45978,0.193437,0.0188275,0.0754107,4.21519e-05,0.00611679,0.034691,1,1699.26,-0.190439,-0.973145,0.193437,0.0188275,0.0754107,4.21519e-05,0.00611679,0.034691,1,1699.26
35,iter-1,35,-0.101072,-0.693886,-0.872248,-1.70836,-0.317632,-3.99422,-2.08368,-0.726402,0.1342,0.0195721,0.481247,0.00010134,0.00824749,0.187758,1,1702.65,-0.101072,-0.693886,0.1342,0.0195721,0.481247,0.00010134,0.00824749,0.187758,1,1702.65
36,iter-1,36,-0.204074,-0.921578,-0.0803518,-1.69008,-0.578587,-1.44371,-3.49751,-3.28272,0.83109,0.0204138,0.263884,0.0359989,0.000318046,0.000521534,1,1703.31,-0.204074,-0.921578,0.83109,0.0204138,0.263884,0.0359989,0.000318046,0.000521534,1,1703.31
37,iter-1,37,-0.914988,-0.89822,-1.66909,-2.12211,-0.987414,-4.34124,-4.15658,-4.35695,0.0214243,0.00754903,0.10294,4.55784e-05,6.97303e-05,4.39594e-05,1,1701.32,-0.914988,-0.89822,0.0214243,0.00754903,0.10294,4.55784e-05,6.97303e-05,4.39594e-05,1,1701.32
38,iter-1,38,-0.19876,-0.887537,-0.20933,-0.606083,-0.840501,-4.53716,-2.62947,-3.52048,0.617547,0.247695,0.144377,2.90297e-05,0.0023471,0.000301665,1,1702.51,-0.19876,-0.887537,0.617547,0.247695,0.144377,2.90297e-05,0.0023471,0.000301665,1,1702.51
39,iter-1,39,0.272589,-0.998737,-0.246101,-1.50998,-0.642203,-2.12909,-2.25274,-0.957584,0.567413,0.0309044,0.227928,0.0074287,0.00558801,0.110259,1,1704.83,0.272589,-0.998737,0.567413,0.0309044,0.227928,0.0074287,0.00558801,0.110259,1,1704.83
40,iter-1,40,-0.320404,-0.91281,-0.474888,-1.41592,-0.448946,-2.00622,-2.58472,-1.99574,0.335052,0.038378,0.355676,0.00985782,0.00260185,0.0100986,1,1704.61,-0.320404,-0.91281,0.335052,0.038378,0.355676,0.00985782,0.00260185,0.0100986,1,1704.61
41,iter-1,41,-0.33117,-0.976207,-0.390105,-1.56899,-0.523048,-3.30967,-1.8945,-7.07776,0.407282,0.0269778,0.299883,0.000490147,0.0127498,8.36057e-08,1,1701.97,-0.33117,-0.976207,0.407282,0.0269778,0.299883,0.000490147,0.0127498,8.36057e-08,1,1701.97
42,iter-1,42,-0.639032,-0.96597,-0.377479,-1.41381,-0.96768,-4.50352,-2.31419,-2.59437,0.419297,0.0385644,0.107726,3.13672e-05,0.00485074,0.00254468,1,1703.67,-0.639032,-0.96597,0.419297,0.0385644,0.107726,3.13672e-05,0.00485074,0.00254468,1,1703.67
43,iter-1,43,-0.809963,-0.985055,-1.33072,-0.952766,-1.3175,-0.651251,-2.32743,-2.86522,0.0466957,0.11149,0.0481396,0.223228,0.00470509,0.00136389,1,1704.9,-0.809963,-0.985055,0.0466957,0.11149,0.0481396,0.223228,0.00470509,0.00136389,1,1704.9
44,iter-1,44,-0.908114,-0.892881,-0.167614,-0.476688,-0.102726,-3.49335,-1.64777,-3.23396,0.679807,0.333666,0.789359,0.000321109,0.0225025,0.000583499,1,1702.46,-0.908114,-0.892881,0.679807,0.333666,0.789359,0.000321109,0.0225025,0.000583499,1,1702.46
45,iter-1,45,-0.647777,-0.965158,-0.686716,-2.88452,-0.397038,-2.82303,-2.91037,-5.69782,0.205724,0.00130459,0.400831,0.00150303,0.00122922,2.00528e-06,1,1699.7,-0.647777,-0.965158,0.205724,0.00130459,0.400831,0.00150303,0.00122922,2.00528e-06,1,1699.7
46,iter-1,46,-0.922651,-0.999571,-0.11241,-0.410116,-0.53267,-1.01326,-0.136017,-0.350665,0.771951,0.388941,0.293312,0.0969921,0.731111,0.446,1,1709.09,-0.922651,-0.999571,0.771951,0.388941,0.293312,0.0969921,0.731111,0.446,1,1709.09
47,iter-1,47,-0.828261,-0.953459,-0.248569,-1.96221,-0.672779,-4.14103,-2.28935,-2.17305,0.564197,0.0109091,0.212433,7.2272e-05,0.00513626,0.00671353,1,1705.17,-0.828261,-0.953459,0.564197,0.0109091,0.212433,7.2272e-05,0.00513626,0.00671353,1,1705.17
48,iter-1,48,0.151574,-0.996576,-0.150366,-2.18719,-0.8225,-2.00858,-3.12146,-4.44724,0.707349,0.00649848,0.150487,0.00980442,0.000756037,3.57079e-05,1,1707.42,0.151574,-0.996576,0.707349,0.00649848,0.150487,0.00980442,0.000756037,3.57079e-05,1,1707.42
49,iter-1,49,-0.509366,-0.935136,-0.463632,-2.19383,-0.793263,-3.28626,-2.37504,-8.31722,0.34385,0.00639991,0.160967,0.0005173,0.00421658,4.81707e-09,1,1704.54,-0.509366,-0.935136,0.34385,0.00639991,0.160967,0.0005173,0.00421658,4.81707e-09,1,1704.54
50,iter-1,50,-0.567775,-0.852321,-0.217866,-1.68871,-0.784016,-3.74196,-1.81028,-5.57467,0.605527,0.0204779,0.164431,0.000181152,0.015478,2.66276e-06,1,1700.27,-0.567775,-0.852321,0.605527,0.0204779,0.164431,0.000181152,0.015478,2.66276e-06,1,1700.27
51,iter-1,51,0.213685,-0.995534,-0.562246,-0.366987,-1.47562,-4.31498,-2.46701,-3.07088,0.274002,0.42955,0.0334488,4.8419e-05,0.00341186,0.00084942,1,1706.99,0.213685,-0.995534,0.274002,0.42955,0.0334488,4.8419e-05,0.00341186,0.00084942,1,1706.99
52,iter-1,52,-0.62411,-0.873237,-1.21038,-2.83961,-1.19183,-0.670143,-2.08497,-2.01838,0.0616052,0.00144674,0.0642943,0.213726,0.00822303,0.00958551,1,1701.13,-0.62411,-0.873237,0.0616052,0.00144674,0.0642943,0.213726,0.00822303,0.00958551,1,1701.13
53,iter-1,53,0.0182745,-0.953372,-1.0009,-1.45926,-0.272548,-3.19032,-2.4182,-5.69717,0.0997939,0.0347325,0.53389,0.000645184,0.00381771,2.00831e-06,1,1704.75,0.0182745,-0.953372,0.0997939,0.0347325,0.53389,0.000645184,0.00381771,2.00831e-06,1,1704.75
54,iter-1,54,-0.567837,-0.81105,-0.405839,-0.196064,-0.578581,-2.29921,-4.35981,-9.13599,0.39279,0.636702,0.263888,0.00502097,4.3671e-05,7.31163e-10,1,1707.47,-0.567837,-0.81105,0.39279,0.636702,0.263888,0.00502097,4.3671e-05,7.31163e-10,1,1707.47
55,iter-1,55,-0.3127,-0.989143,-0.251715,-2.418,-0.484949,-3.79773,-2.07273,-1.34416,0.560125,0.00381941,0.327379,0.000159321,0.00845797,0.0452731,1,1704.28,-0.3127,-0.989143,0.560125,0.00381941,0.327379,0.000159321,0.00845797,0.0452731,1,1704.28
56,iter-1,56,-0.49598,-0.843656,-0.879663,-0.670883,-0.86342,-2.30992,-3.31869,-3.31493,0.131928,0.213362,0.136956,0.00489867,0.000480075,0.000484249,1,1705.71,-0.49598,-0.843656,0.131928,0.213362,0.136956,0.00489867,0.000480075,0.000484249,1,1705.71
57,iter-1,57,0.142266,-0.958017,-0.408505,-2.16035,-1.11752,-1.04124,-3.95477,-1.13242,0.390387,0.00691272,0.0762921,0.090942,0.000110976,0.073719,1,1700.75,0.142266,-0.958017,0.390387,0.00691272,0.0762921,0.090942,0.000110976,0.073719,1,1700.75
58,iter-1,58,-0.270053,-0.982375,-0.246066,-1.34479,-0.595712,-3.24559,-1.89042,-8.00924,0.567459,0.045207,0.253681,0.000568082,0.0128702,9.78959e-09,1,1703.83,-0.270053,-0.982375,0.567459,0.045207,0.253681,0.000568082,0.0128702,9.78959e-09,1,1703.83
59,iter-1,59,-0.722117,-0.960575,-0.0924291,-1.26841,-0.475356,-2.42399,-2.30197,-1.33965,0.808297,0.0539003,0.334691,0.00376709,0.00498923,0.045746,1,1699.8,-0.722117,-0.960575,0.808297,0.0539003,0.334691,0.00376709,0.00498923,0.045746,1,1699.8
60,iter-1,60,0.369436,-0.999174,-0.00515277,-0.451482,-0.0321127,-2.49444,-2.5605,-8.50883,0.988205,0.353605,0.928725,0.00320299,0.00275103,3.09866e-09,1,1706.21,0.369436,-0.999174,0.988205,0.353605,0.928725,0.00320299,0.00275103,3.09866e-09,1,1706.21
61,iter-1,61,-0.911592,-0.9401,-0.792135,-1.97858,-0.515189,-2.80015,-4.5523,-4.36928,0.161386,0.0105057,0.305359,0.00158435,2.80352e-05,4.27292e-05,1,1705.27,-0.911592,-0.9401,0.161386,0.0105057,0.305359,0.00158435,2.80352e-05,4.27292e-05,1,1705.27
62,iter-1,62,0.586481,-0.837699,-0.465421,-3.89894,-1.33138,-1.15832,-2.10717,-5.4963,0.342436,0.0001262,0.0466256,0.069452,0.00781316,3.18933e-06,1,1699.64,0.586481,-0.837699,0.342436,0.0001262,0.0466256,0.069452,0.00781316,3.18933e-06,1,1699.64
63,iter-1,63,-0.369976,-0.958755,-0.588169,-1.09069,-0.916211,-1.77077,-2.01919,-1.003,0.258126,0.081154,0.12128,0.0169522,0.00956768,0.0993113,1,1702.52,-0.369976,-0.958755,0.258126,0.081154,0.12128,0.0169522,0.00956768,0.0993113,1,1702.52
64,iter-1,64,-0.58181,-0.999974,-1.43039,-1.90997,-0.0954718,-3.52762,-3.35867,-4.75526,0.0371202,0.0123036,0.802654,0.000296741,0.000437854,1.75688e-05,1,1705.06,-0.58181,-0.999974,0.0371202,0.0123036,0.802654,0.000296741,0.000437854,1.75688e-05,1,1705.06
65,iter-1,65,-0.662375,-0.912054,-0.155631,-1.5023,-0.715764,-1.89369,-1.97314,-2.33493,0.698826,0.0314556,0.192414,0.0127734,0.010638,0.00462454,1,1702.44,-0.662375,-0.912054,0.698826,0.0314556,0.192414,0.0127734,0.010638,0.00462454,1,1702.44
66,iter-1,66,-0.201954,-0.813518,-1.65192,-0.965169,-0.831217,-3.88617,-1.76483,-5.90507,0.0222886,0.108351,0.147497,0.000129966,0.0171856,1.24432e-06,1,1700.94,-0.201954,-0.813518,0.0222886,0.108351,0.147497,0.000129966,0.0171856,1.24432e-06,1,1700.94
67,iter-1,67,0.331543,-0.92163,-1.10076,-0.93268,-0.433318,-2.7129,-3.88269,-4.36723,0.0792936,0.116767,0.368707,0.00193688,0.00013101,4.29306e-05,1,1705.02,0.331543,-0.92163,0.0792936,0.116767,0.368707,0.00193688,0.00013101,4.29306e-05,1,1705.02
68,iter-1,68,-0.683774,-0.746668,-1.61866,-0.681746,-1.38651,-3.13524,-2.30502,-7.71958,0.0240624,0.208091,0.0410664,0.000732426,0.00495425,1.90731e-08,1,1704.18,-0.683774,-0.746668,0.0240624,0.208091,0.0410664,0.000732426,0.00495425,1.90731e-08,1,1704.18
69,iter-1,69,-0.168686,-0.976315,-0.248606,-2.89771,-0.362705,-4.46285,-2.08626,-6.70652,0.564149,0.00126558,0.433806,3.44469e-05,0.00819854,1.96553e-07,1,1701.31,-0.168686,-0.976315,0.564149,0.00126558,0.433806,3.44469e-05,0.00819854,1.96553e-07,1,1701.31
70,iter-1,70,0.24231,-0.982463,-0.048706,-0.525554,-0.96827,-2.90438,-2.35652,-2.89839,0.89391,0.298158,0.10758,0.00124629,0.00440032,0.00126361,1,1704.17,0.24231,-0.982463,0.89391,0.298158,0.10758,0.00124629,0.00440032,0.00126361,1,1704.17
71,iter-1,71,-0.904608,-0.889711,-0.2342,-1.78774,-0.556262,-4.24305,-1.60052,-2.54215,0.583177,0.0163028,0.277804,5.71417e-05,0.0250887,0.00286981,1,1700.96,-0.904608,-0.889711,0.583177,0.0163028,0.277804,5.71417e-05,0.0250887,0.00286981,1,1700.96
72,iter-1,72,-0.950578,-0.997825,-0.61164,-1.0859,-0.795313,-3.59149,-2.79956,-4.05825,0.244546,0.0820532,0.160209,0.000256162,0.00158649,8.74479e-05,1,1702.05,-0.950578,-0.997825,0.244546,0.0820532,0.160209,0.000256162,0.00158649,8.74479e-05,1,1702.05
73,iter-1,73,-0.963583,-0.949956,-0.0864491,-0.51011,-0.22428,-2.79286,-2.27742,-1.06853,0.819504,0.308951,0.596651,0.00161117,0.00527935,0.0854017,1,1704.56,-0.963583,-0.949956,0.819504,0.308951,0.596651,0.00161117,0.00527935,0.0854017,1,1704.56
74,iter-1,74,-0.68868,-0.981237,-0.036701,-2.01665,-0.25515,-2.76966,-3.30268,-0.853658,0.918965,0.00962394,0.555712,0.00169956,0.000498098,0.140069,1,1703.32,-0.68868,-0.981237,0.918965,0.00962394,0.555712,0.00169956,0.000498098,0.140069,1,1703.32
75,iter-1,75,-0.814724,-0.942668,-1.22307,-3.06251,-0.415633,-2.75703,-2.92204,-0.94552,0.059831,0.000865948,0.384032,0.00174971,0.00119664,0.113365,1,1699.8,-0.814724,-0.942668,0.059831,0.000865948,0.384032,0.00174971,0.00119664,0.113365,1,1699.8
76,iter-1,76,-0.274058,-0.951238,-1.52095,-0.744375,-0.934755,-4.28438,-2.41809,-0.564692,0.0301332,0.180146,0.11621,5.19536e-05,0.00381864,0.272463,1,1702.91,-0.274058,-0.951238,0.0301332,0.180146,0.11621,5.19536e-05,0.00381864,0.272463,1,1702.91
77,iter-1,77,-0.162271,-0.964748,-0.128789,-0.317885,-0.507877,-4.21506,-1.93726,-2.27249,0.74338,0.480967,0.310544,6.09457e-05,0.0115542,0.00533964,1,1702.13,-0.162271,-0.964748,0.74338,0.480967,0.310544,6.09457e-05,0.0115542,0.00533964,1,1702.13
78,iter-1,78,-0.917119,-0.935146,-1.07029,-0.494606,-0.550178,-2.41813,-3.79186,-4.23026,0.0850566,0.32018,0.281723,0.00381832,0.000161489,5.88496e-05,1,1706.58,-0.917119,-0.935146,0.0850566,0.32018,0.281723,0.00381832,0.000161489,5.88496e-05,1,1706.58
79,iter-1,79,-0.738362,-0.987044,-0.0843191,-2.31512,-0.57641,-3.96417,-1.61168,-5.84619,0.823533,0.00484039,0.26521,0.0001086,0.024452,1.42498e-06,1,1707.07,-0.738362,-0.987044,0.823533,0.00484039,0.26521,0.0001086,0.024452,1.42498e-06,1,1707.07
80,iter-1,80,-0.925102,-0.984488,-0.36451,-0.916476,-0.507209,-2.60855,-1.525,-2.30499,0.432006,0.121206,0.311022,0.00246293,0.029854,0.00495465,1,1700.68,-0.925102,-0.984488,0.432006,0.121206,0.311022,0.00246293,0.029854,0.00495465,1,1700.68
81,iter-1,81,-0.606602,-0.994659,-0.419571,-1.52339,-0.548708,-3.95882,-1.95436,-2.67058,0.380565,0.0299645,0.282678,0.000109945,0.0111081,0.00213513,1,1703.15,-0.606602,-0.994659,0.380565,0.0299645,0.282678,0.000109945,0.0111081,0.00213513,1,1703.15
82,iter-1,82,-0.322239,-0.99906,-0.188254,-0.965454,-1.00793,-1.68454,-3.40362,-3.15164,0.648256,0.10828,0.098191,0.0206755,0.000394803,0.000705272,1,1707.34,-0.322239,-0.99906,0.648256,0.10828,0.098191,0.0206755,0.000394803,0.000705272,1,1707.34
83,iter-1,83,-0.778249,-0.982857,-0.402717,-0.645718,-1.36064,-3.47914,-2.88289,-4.29564,0.395625,0.22609,0.0435876,0.00033179,0.00130952,5.06248e-05,1,1707.57,-0.778249,-0.982857,0.395625,0.22609,0.0435876,0.00033179,0.00130952,5.06248e-05,1,1707.57
84,iter-1,84,-0.14924,-0.99771,-0.778701,-0.425252,-0.264481,-2.78876,-4.10993,-1.58629,0.166456,0.375619,0.543899,0.00162643,7.76378e-05,0.0259247,1,1705.46,-0.14924,-0.99771,0.166456,0.375619,0.543899,0.00162643,7.76378e-05,0.0259247,1,1705.46
85,iter-1,85,-0.109373,-0.978275,-0.256048,-0.404787,-0.834857,-2.3663,-2.67099,-6.19004,0.554565,0.393744,0.146266,0.00430234,0.00213312,6.45594e-07,1,1704.59,-0.109373,-0.978275,0.554565,0.393744,0.146266,0.00430234,0.00213312,6.45594e-07,1,1704.59
86,iter-1,86,-0.541831,-0.940466,-0.532067,-0.508419,-1.27255,-3.95986,-2.54683,-5.87099,0.29372,0.310157,0.0533893,0.000109682,0.00283903,1.34591e-06,1,1701.42,-0.541831,-0.940466,0.29372,0.310157,0.0533893,0.000109682,0.00283903,1.34591e-06,1,1701.42
87,iter-1,87,-0.672075,-0.997289,-0.0313316,-1.91012,-0.250865,-3.93478,-1.20508,-5.23017,0.930397,0.0122993,0.561223,0.000116205,0.0623627,5.88608e-06,1,1706.49,-0.672075,-0.997289,0.930397,0.0122993,0.561223,0.000116205,0.0623627,5.88608e-06,1,1706.49
88,iter-1,88,-0.998958,-0.960362,-0.391165,-0.402953,-0.772172,-3.76395,-4.26664,-3.17141,0.406289,0.395409,0.168977,0.000172207,5.41208e-05,0.000673889,1,1701.74,-0.998958,-0.960362,0.406289,0.395409,0.168977,0.000172207,5.41208e-05,0.000673889,1,1701.74
89,iter-1,89,-0.678191,-0.738158,-0.689982,-2.84478,-1.27641,-3.70891,-2.90951,-4.70692,0.204182,0.00142962,0.0529161,0.000195474,0.00123166,1.96372e-05,1,1700.28,-0.678191,-0.738158,0.204182,0.00142962,0.0529161,0.000195474,0.00123166,1.96372e-05,1,1700.28
90,iter-1,90,-0.304775,-0.952153,-0.380776,-4.19082,-1.0255,-4.34196,-2.93551,-1.75462,0.416125,6.44442e-05,0.0942971,4.55026e-05,0.00116008,0.0175948,1,1705.42,-0.304775,-0.952153,0.416125,6.44442e-05,0.0942971,4.55026e-05,0.00116008,0.0175948,1,1705.42
91,iter-1,91,0.188515,-0.997118,-0.914144,-2.18526,-0.965518,-4.27686,-2.80481,-0.25883,0.121859,0.00652736,0.108264,5.28616e-05,0.00156743,0.551024,1,1702.95,0.188515,-0.997118,0.121859,0.00652736,0.108264,5.28616e-05,0.00156743,0.551024,1,1702.95
92,iter-1,92,-0.649723,-0.95982,-0.090747,-1.21054,-0.714184,-2.1465,-2.88113,-2.17689,0.811434,0.0615823,0.193115,0.00713668,0.00131484,0.0066544,1,1705.13,-0.649723,-0.95982,0.811434,0.0615823,0.193115,0.00713668,0.00131484,0.0066544,1,1705.13
93,iter-1,93,-0.495334,-0.95211,-0.028213,-0.159991,-1.54731,-1.38727,-1.81269,-4.88025,0.937102,0.691845,0.0283591,0.0409952,0.0153924,1.3175e-05,1,1706.18,-0.495334,-0.95211,0.937102,0.691845,0.0283591,0.0409952,0.0153924,1.3175e-05,1,1706.18
94,iter-1,94,0.110852,-0.942206,-0.173849,-0.962964,-0.773969,-2.20221,-0.935123,-4.05605,0.670117,0.108902,0.168279,0.00627752,0.116112,8.78931e-05,1,1702.98,0.110852,-0.942206,0.670117,0.108902,0.168279,0.00627752,0.116112,8.78931e-05,1,1702.98
95,iter-1,95,0.231638,-0.905491,-0.44491,-2.02474,-0.717412,-0.855921,-3.45415,-2.58842,0.358996,0.00944619,0.191685,0.139341,0.000351439,0.00257977,1,1701.68,0.231638,-0.905491,0.358996,0.00944619,0.191685,0.139341,0.000351439,0.00257977,1,1701.68
96,iter-1,96,-0.916658,-0.729388,-0.462,-0.651848,-1.38294,-3.14642,-2.32671,-2.61708,0.345144,0.222921,0.0414056,0.000713813,0.00471294,0.00241501,1,1702.64,-0.916658,-0.729388,0.345144,0.222921,0.0414056,0.000713813,0.00471294,0.00241501,1,1702.64
97,iter-1,97,-0.641873,-0.897989,-0.469115,-1.332,-0.415104,-3.08351,-2.47888,-6.60955,0.339536,0.0465586,0.3845,0.000825069,0.00331989,2.45724e-07,1,1704.26,-0.641873,-0.897989,0.339536,0.0465586,0.3845,0.000825069,0.00331989,2.45724e-07,1,1704.26
98,iter-1,98,-0.72162,-0.993011,-0.194809,-1.52531,-0.373126,-1.95981,-3.7744,-5.9957,0.638544,0.0298327,0.42352,0.0109695,0.000168111,1.00996e-06,1,1703.61,-0.72162,-0.993011,0.638544,0.0298327,0.42352,0.0109695,0.000168111,1.00996e-06,1,1703.61
99,iter-1,99,-0.594736,-0.9881,-0.868723,-0.849537,-1.19762,-3.61018,-3.70277,-1.74382,0.135294,0.141405,0.0634422,0.000245367,0.00019826,0.0180378,1,1703.19,-0.594736,-0.9881,0.135294,0.141405,0.0634422,0.000245367,0.00019826,0.0180378,1,1703.19
0,iter-2,0,-0.463318,-0.951585,-0.203362,-0.59289,-1.01471,-1.44767,-1.65881,-3.9372,0.626092,0.255335,0.0966693,0.0356719,0.0219376,0.000115557,1,1704.45,-0.463318,-0.951585,0.626092,0.255335,0.0966693,0.0356719,0.0219376,0.000115557,1,1704.45
1,iter-2,1,-0.740891,-0.975669,-0.587222,-0.658182,-0.943694,-2.21581,-1.54884,-3.18304,0.258689,0.219694,0.113843,0.00608398,0.0282591,0.000656081,1,1704.39,-0.740891,-0.975669,0.258689,0.219694,0.113843,0.00608398,0.0282591,0.000656081,1,1704.39
2,iter-2,2,-0.0372456,-0.933278,-0.692025,-0.681708,-0.853365,-2.37789,-2.03141,-3.04148,0.203224,0.208109,0.140163,0.00418903,0.00930238,0.000908898,1,1702.54,-0.0372456,-0.933278,0.203224,0.208109,0.140163,0.00418903,0.00930238,0.000908898,1,1702.54
3,iter-2,3,-0.921508,-0.990971,-0.408815,-0.539924,-0.581572,-1.44656,-1.71154,-3.43145,0.390108,0.288454,0.262077,0.0357631,0.0194294,0.000370294,1,1704.94,-0.921508,-0.990971,0.390108,0.288454,0.262077,0.0357631,0.0194294,0.000370294,1,1704.94
4,iter-2,4,-0.506227,-0.958375,-0.85591,-1.35182,-0.67618,-3.82696,-1.76955,-1.85651,0.139345,0.0444815,0.210775,0.000148949,0.0170001,0.0139153,1,1703.75,-0.506227,-0.958375,0.139345,0.0444815,0.210775,0.000148949,0.0170001,0.0139153,1,1703.75
5,iter-2,5,-0.657079,-0.939382,-0.755466,-0.974527,-0.492744,-2.57745,-1.65343,-1.85552,0.175604,0.106041,0.321555,0.00264573,0.0222112,0.0139471,1,1706.06,-0.657079,-0.939382,0.175604,0.106041,0.321555,0.00264573,0.0222112,0.0139471,1,1706.06
6,iter-2,6,-0.846229,-0.994461,-0.395563,-1.04251,-0.423424,-1.54841,-0.737215,-1.63675,0.402195,0.090676,0.377204,0.0282874,0.183141,0.0230809,1,1704.36,-0.846229,-0.994461,0.402195,0.090676,0.377204,0.0282874,0.183141,0.0230809,1,1704.36
7,iter-2,7,-0.033663,-0.897297,-1.00392,-0.817102,-0.138989,-2.86226,-1.22356,-2.32295,0.0991015,0.152369,0.726125,0.00137323,0.0597641,0.00475386,1,1703.39,-0.033663,-0.897297,0.0991015,0.152369,0.726125,0.00137323,0.0597641,0.00475386,1,1703.39
8,iter-2,8,-0.747326,-0.974229,-0.783909,-0.63116,-0.62636,-1.66269,-1.67176,-3.1719,0.164472,0.233797,0.236396,0.0217428,0.0212932,0.000673125,1,1704.64,-0.747326,-0.974229,0.164472,0.233797,0.236396,0.0217428,0.0212932,0.000673125,1,1704.64
9,iter-2,9,-0.943433,-0.974444,-0.706591,-1.21295,-1.21068,-3.01336,-1.97511,-1.30398,0.196521,0.0612416,0.0615633,0.000969713,0.0105898,0.0496614,1,1704.18,-0.943433,-0.974444,0.196521,0.0612416,0.0615633,0.000969713,0.0105898,0.0496614,1,1704.18
10,iter-2,10,-0.781491,-0.929381,-0.950732,-0.870911,-0.753335,-0.852054,-2.01296,-2.04238,0.112013,0.134614,0.176468,0.140587,0.00970592,0.00907034,1,1705.01,-0.781491,-0.929381,0.112013,0.134614,0.176468,0.140587,0.00970592,0.00907034,1,1705.01
11,iter-2,11,-0.534403,-0.98957,-0.922973,-0.653324,-0.49697,-1.6156,-1.0907,-1.93235,0.119406,0.222165,0.318442,0.0242323,0.0811527,0.0116857,1,1704.07,-0.534403,-0.98957,0.119406,0.222165,0.318442,0.0242323,0.0811527,0.0116857,1,1704.07
12,iter-2,12,-0.656718,-0.993408,-0.860051,-0.830827,-0.905517,-3.01466,-0.893331,-2.05614,0.138022,0.147629,0.124304,0.000966799,0.127841,0.00878746,1,1702.6,-0.656718,-0.993408,0.138022,0.147629,0.124304,0.000966799,0.127841,0.00878746,1,1702.6
13,iter-2,13,-0.423193,-0.965082,-0.999356,-0.758952,-0.532482,-2.89432,-1.50081,-3.08505,0.100148,0.1742,0.293439,0.0012755,0.0315642,0.000822143,1,1705.96,-0.423193,-0.965082,0.100148,0.1742,0.293439,0.0012755,0.0315642,0.000822143,1,1705.96
14,iter-2,14,-0.606126,-0.964761,-0.796059,-0.953716,-0.47763,-2.31021,-1.57265,-1.78816,0.159934,0.111246,0.332943,0.00489545,0.0267513,0.0162868,1,1704.84,-0.606126,-0.964761,0.159934,0.111246,0.332943,0.00489545,0.0267513,0.0162868,1,1704.84
15,iter-2,15,-0.687492,-0.977276,-0.40273,-0.308766,-1.25864,-3.83139,-3.59721,-3.07861,0.395612,0.491172,0.0551263,0.000147437,0.000252808,0.000834432,1,1703.75,-0.687492,-0.977276,0.395612,0.491172,0.0551263,0.000147437,0.000252808,0.000834432,1,1703.75
16,iter-2,16,-0.494468,-0.991831,-0.442272,-0.921213,-0.322558,-2.67785,-0.812435,-1.87292,0.361183,0.119891,0.47582,0.00209969,0.154016,0.0133993,1,1704.25,-0.494468,-0.991831,0.361183,0.119891,0.47582,0.00209969,0.154016,0.0133993,1,1704.25
17,iter-2,17,-0.177431,-0.981115,-0.529076,-0.788017,-0.505212,-3.87715,-1.25171,-3.05528,0.295749,0.162923,0.312455,0.000132695,0.0560135,0.000880474,1,1707.54,-0.177431,-0.981115,0.295749,0.162923,0.312455,0.000132695,0.0560135,0.000880474,1,1707.54
18,iter-2,18,-0.839042,-0.931416,-1.14829,-0.742108,-0.682104,-2.03911,-0.668457,-3.00995,0.0710742,0.181089,0.20792,0.00913889,0.214557,0.000977347,1,1702.89,-0.839042,-0.931416,0.0710742,0.181089,0.20792,0.00913889,0.214557,0.000977347,1,1702.89
19,iter-2,19,-0.392301,-0.959884,-1.0408,-0.728634,-0.776256,-2.27468,-2.07503,-2.04936,0.0910328,0.186795,0.167396,0.00531276,0.00841331,0.00892563,1,1703.63,-0.392301,-0.959884,0.0910328,0.186795,0.167396,0.00531276,0.00841331,0.00892563,1,1703.63
20,iter-2,20,-0.587769,-0.953918,-0.752221,-1.04443,-0.328881,-2.26153,-1.17399,-1.33048,0.176921,0.0902754,0.468942,0.00547604,0.06699,0.0467214,1,1704.82,-0.587769,-0.953918,0.176921,0.0902754,0.468942,0.00547604,0.06699,0.0467214,1,1704.82
21,iter-2,21,-0.652909,-0.980424,-0.354933,-0.802384,-0.671011,-2.83245,-2.38656,-2.51718,0.441639,0.157622,0.213299,0.00147079,0.0041062,0.00303963,1,1704.98,-0.652909,-0.980424,0.441639,0.157622,0.213299,0.00147079,0.0041062,0.00303963,1,1704.98
22,iter-2,22,-0.50881,-0.981329,-0.863086,-1.2035,-0.479761,-3.08756,-1.35038,-2.12956,0.137061,0.0625895,0.331314,0.000817413,0.0446288,0.00742065,1,1706.46,-0.50881,-0.981329,0.137061,0.0625895,0.331314,0.000817413,0.0446288,0.00742065,1,1706.46
23,iter-2,23,-0.768858,-0.93821,-0.408232,-0.415075,-0.497379,-1.64599,-1.63342,-6.07512,0.390632,0.384526,0.318142,0.0225948,0.0232585,8.41159e-07,1,1705.69,-0.768858,-0.93821,0.390632,0.384526,0.318142,0.0225948,0.0232585,8.41159e-07,1,1705.69
24,iter-2,24,-0.804875,-0.972585,-0.404212,-0.983984,-0.445148,-3.46847,-1.09283,-1.86934,0.394265,0.103757,0.3588,0.000340038,0.0807554,0.0135103,1,1705.35,-0.804875,-0.972585,0.394265,0.103757,0.3588,0.000340038,0.0807554,0.0135103,1,1705.35
25,iter-2,25,-0.741005,-0.930975,-0.303809,-0.855899,-0.436736,-2.71783,-2.13673,-3.03547,0.49681,0.139348,0.365817,0.00191499,0.00729913,0.00092157,1,1705.02,-0.741005,-0.930975,0.49681,0.139348,0.365817,0.00191499,0.00729913,0.00092157,1,1705.02
26,iter-2,26,-0.0540836,-0.981116,-0.872112,-1.21765,-0.85236,-2.31189,-3.44727,-3.46056,0.134242,0.0605827,0.140488,0.00487655,0.000357054,0.000346294,1,1704.82,-0.0540836,-0.981116,0.134242,0.0605827,0.140488,0.00487655,0.000357054,0.000346294,1,1704.82
27,iter-2,27,-0.369516,-0.986427,-0.825735,-0.886235,-0.586782,-3.47494,-1.23624,-2.68782,0.14937,0.129947,0.258951,0.000335011,0.0580447,0.00205201,1,1703.57,-0.369516,-0.986427,0.14937,0.129947,0.258951,0.000335011,0.0580447,0.00205201,1,1703.57
28,iter-2,28,-0.590473,-0.985662,-0.333682,-0.928987,-0.889399,-3.83779,-2.56281,-3.7817,0.463786,0.117764,0.129003,0.000145283,0.00273647,0.000165309,1,1704.04,-0.590473,-0.985662,0.463786,0.117764,0.129003,0.000145283,0.00273647,0.000165309,1,1704.04
29,iter-2,29,-0.0867948,-0.985064,-0.290247,-0.844643,-0.277523,-1.80023,-2.64709,-3.78111,0.51257,0.143007,0.52781,0.0158406,0.00225377,0.000165535,1,1706.12,-0.0867948,-0.985064,0.51257,0.143007,0.52781,0.0158406,0.00225377,0.000165535,1,1706.12
30,iter-2,30,-0.483034,-0.993349,-0.554842,-0.873133,-0.54518,-0.982822,-1.38292,-1.90921,0.278714,0.133927,0.284984,0.104035,0.0414073,0.0123252,1,1702.52,-0.483034,-0.993349,0.278714,0.133927,0.284984,0.104035,0.0414073,0.0123252,1,1702.52
31,iter-2,31,-0.849926,-0.921856,-0.435903,-0.67543,-0.867387,-4.20889,-3.17961,-2.86674,0.366519,0.21114,0.13571,6.18173e-05,0.000661291,0.00135912,1,1706.35,-0.849926,-0.921856,0.366519,0.21114,0.13571,6.18173e-05,0.000661291,0.00135912,1,1706.35
32,iter-2,32,-0.429209,-0.956055,-0.64091,-0.597645,-0.792371,-1.9456,-2.05946,-2.2294,0.228607,0.252554,0.161298,0.0113344,0.00872045,0.00589662,1,1705.05,-0.429209,-0.956055,0.228607,0.252554,0.161298,0.0113344,0.00872045,0.00589662,1,1705.05
33,iter-2,33,-0.478863,-0.975757,-1.43187,-1.01471,-0.453376,-1.47707,-1.1901,-1.82792,0.0369939,0.0966686,0.352066,0.0333369,0.0645508,0.0148622,1,1701.78,-0.478863,-0.975757,0.0369939,0.0966686,0.352066,0.0333369,0.0645508,0.0148622,1,1701.78
34,iter-2,34,-0.316263,-0.995537,-0.696209,-0.90817,-0.556386,-3.60383,-1.753,-1.24141,0.201275,0.123546,0.277724,0.000248983,0.0176605,0.0573569,1,1702.55,-0.316263,-0.995537,0.201275,0.123546,0.277724,0.000248983,0.0176605,0.0573569,1,1702.55
35,iter-2,35,-0.786182,-0.914749,-0.540322,-0.395673,-0.399146,-3.45003,-1.05097,-1.22131,0.288189,0.402093,0.398891,0.000354785,0.088926,0.0600747,1,1704.25,-0.786182,-0.914749,0.288189,0.402093,0.398891,0.000354785,0.088926,0.0600747,1,1704.25
36,iter-2,36,-0.532929,-0.956288,-0.397921,-0.781829,-0.804525,-1.00638,-2.26169,-2.64504,0.400018,0.165261,0.156847,0.0985424,0.00547411,0.00226445,1,1705.14,-0.532929,-0.956288,0.400018,0.165261,0.156847,0.0985424,0.00547411,0.00226445,1,1705.14
37,iter-2,37,-0.835978,-0.976066,-1.0284,-0.986246,-0.962771,-1.65469,-2.0771,-2.66207,0.0936698,0.103218,0.108951,0.0221468,0.00837337,0.00217738,1,1700.94,-0.835978,-0.976066,0.0936698,0.103218,0.108951,0.0221468,0.00837337,0.00217738,1,1700.94
38,iter-2,38,-0.654471,-0.990319,-0.218079,-0.605638,-0.475596,-3.96963,-1.71925,-1.87326,0.605231,0.247949,0.334506,0.000107243,0.0190876,0.0133886,1,1703.83,-0.654471,-0.990319,0.605231,0.247949,0.334506,0.000107243,0.0190876,0.0133886,1,1703.83
39,iter-2,39,-0.302547,-0.98096,-0.489001,-0.65397,-1.00198,-1.47738,-2.13748,-2.80298,0.324339,0.221835,0.0995442,0.0333138,0.00728651,0.00157407,1,1703.93,-0.302547,-0.98096,0.324339,0.221835,0.0995442,0.0333138,0.00728651,0.00157407,1,1703.93
40,iter-2,40,-0.393758,-0.91813,-0.286327,-0.780534,-0.345998,-1.5032,-2.05255,-2.86587,0.517217,0.165755,0.450819,0.0313905,0.00886036,0.00136186,1,1708.37,-0.393758,-0.91813,0.517217,0.165755,0.450819,0.0313905,0.00886036,0.00136186,1,1708.37
41,iter-2,42,-0.664039,-0.993072,-0.504413,-0.935197,-0.965632,-3.62824,-1.94079,-1.83466,0.313031,0.116092,0.108235,0.000235373,0.0114606,0.0146333,1,1704.62,-0.664039,-0.993072,0.313031,0.116092,0.108235,0.000235373,0.0114606,0.0146333,1,1704.62
42,iter-2,43,-0.840446,-0.930528,-0.565029,-1.01016,-0.810808,-1.01849,-1.63312,-2.19514,0.272252,0.0976886,0.154594,0.095832,0.0232745,0.00638054,1,1705.83,-0.840446,-0.930528,0.272252,0.0976886,0.154594,0.095832,0.0232745,0.00638054,1,1705.83
43,iter-2,44,-0.832515,-0.848417,-1.0934,-0.822343,-0.514429,-1.42048,-0.355518,-1.84019,0.0806501,0.150542,0.305894,0.0379773,0.441044,0.0144481,1,1702.71,-0.832515,-0.848417,0.0806501,0.150542,0.305894,0.0379773,0.441044,0.0144481,1,1702.71
44,iter-2,45,-0.450844,-0.985616,-0.380828,-1.33645,-0.192414,-1.13798,-1.10189,-3.87605,0.416076,0.0460839,0.642075,0.0727817,0.0790881,0.000133031,1,1702.99,-0.450844,-0.985616,0.416076,0.0460839,0.642075,0.0727817,0.0790881,0.000133031,1,1702.99
45,iter-2,46,-0.86527,-0.996438,-0.114422,-0.594813,-0.54817,-1.34721,-0.372021,-1.36573,0.768384,0.254207,0.283029,0.0449564,0.424599,0.0430797,1,1707.16,-0.86527,-0.996438,0.768384,0.254207,0.283029,0.0449564,0.424599,0.0430797,1,1707.16
46,iter-2,47,-0.616489,-0.97751,-0.225253,-1.13115,-0.694763,-3.87435,-1.86717,-2.61189,0.595315,0.0739343,0.201947,0.000133552,0.0135777,0.00244407,1,1706.14,-0.616489,-0.97751,0.595315,0.0739343,0.201947,0.000133552,0.0135777,0.00244407,1,1706.14
47,iter-2,48,-0.225282,-0.993867,-0.29098,-0.998867,-0.970013,-1.54792,-1.4812,-1.74928,0.511705,0.100261,0.107149,0.0283193,0.0330216,0.0178123,1,1706.33,-0.225282,-0.993867,0.511705,0.100261,0.107149,0.0283193,0.0330216,0.0178123,1,1706.33
48,iter-2,49,-0.570374,-0.939851,-0.533355,-0.508619,-0.791918,-2.13131,-2.17878,-5.57034,0.29285,0.310014,0.161466,0.00739071,0.00662551,2.68941e-06,1,1707.86,-0.570374,-0.939851,0.29285,0.310014,0.161466,0.00739071,0.00662551,2.68941e-06,1,1707.86
49,iter-2,50,-0.274132,-0.906797,-0.916024,-0.910795,-0.582529,-2.3853,-1.26452,-2.49413,0.121332,0.122802,0.261499,0.0041181,0.0543851,0.00320529,1,1702.75,-0.274132,-0.906797,0.121332,0.122802,0.261499,0.0041181,0.0543851,0.00320529,1,1702.75
50,iter-2,51,-0.360902,-0.970054,-0.656042,-0.632739,-0.918719,-3.64409,-1.6919,-1.51869,0.220779,0.232949,0.120582,0.000226941,0.0203284,0.0302908,1,1703.6,-0.360902,-0.970054,0.220779,0.232949,0.120582,0.000226941,0.0203284,0.0302908,1,1703.6
51,iter-2,52,-0.802333,-0.91633,-0.623378,-0.989614,-1.03144,-0.796465,-1.09763,-2.81122,0.238025,0.10242,0.0930169,0.159785,0.0798671,0.00154447,1,1704.26,-0.802333,-0.91633,0.238025,0.10242,0.0930169,0.159785,0.0798671,0.00154447,1,1704.26
52,iter-2,53,-0.173548,-0.996672,-0.787836,-0.797402,-0.428802,-2.67977,-1.22625,-3.04847,0.162991,0.15944,0.372561,0.00209041,0.0593949,0.000894393,1,1705.91,-0.173548,-0.996672,0.162991,0.15944,0.372561,0.00209041,0.0593949,0.000894393,1,1705.91
53,iter-2,54,-0.830853,-0.926272,-0.633637,-0.748656,-0.383637,-1.86089,-1.51658,-4.58978,0.232468,0.178379,0.413393,0.0137756,0.0304385,2.57169e-05,1,1703.9,-0.830853,-0.926272,0.232468,0.178379,0.413393,0.0137756,0.0304385,2.57169e-05,1,1703.9
54,iter-2,55,-0.356621,-0.994558,-0.140556,-1.10923,-0.316788,-1.89124,-0.98021,-2.95091,0.723509,0.0777618,0.482183,0.0128457,0.104662,0.00111966,1,1706.49,-0.356621,-0.994558,0.723509,0.0777618,0.482183,0.0128457,0.104662,0.00111966,1,1706.49
55,iter-2,56,-0.405966,-0.90414,-0.427081,-0.763647,-0.521466,-2.21279,-1.70814,-3.18005,0.374041,0.172327,0.300978,0.00612649,0.0195822,0.000660615,1,1705.58,-0.405966,-0.90414,0.374041,0.172327,0.300978,0.00612649,0.0195822,0.000660615,1,1705.58
56,iter-2,57,0.311571,-0.985104,-0.241248,-0.879597,-0.71928,-1.12692,-1.5616,-1.487,0.573789,0.131948,0.190862,0.0746585,0.0274412,0.032584,1,1704.46,0.311571,-0.985104,0.573789,0.131948,0.190862,0.0746585,0.0274412,0.032584,1,1704.46
57,iter-2,58,-0.318663,-0.936428,-0.500746,-0.980136,-0.693192,-2.58336,-0.986908,-4.01824,0.315685,0.10468,0.202679,0.00260999,0.10306,9.58869e-05,1,1704.33,-0.318663,-0.936428,0.315685,0.10468,0.202679,0.00260999,0.10306,9.58869e-05,1,1704.33
58,iter-2,59,-0.882477,-0.971373,-0.255822,-1.11301,-0.657741,-1.46753,-1.15629,-1.38524,0.554853,0.0770884,0.219917,0.0340775,0.0697763,0.0411873,1,1705.51,-0.882477,-0.971373,0.554853,0.0770884,0.219917,0.0340775,0.0697763,0.0411873,1,1705.51
59,iter-2,60,-0.5906,-0.998576,-0.151677,-0.505488,-0.183788,-2.68362,-1.40854,-3.35883,0.705217,0.312257,0.654956,0.00207195,0.0390354,0.000437698,1,1705.08,-0.5906,-0.998576,0.705217,0.312257,0.654956,0.00207195,0.0390354,0.000437698,1,1705.08
60,iter-2,61,-0.878145,-0.981936,-0.578185,-0.374541,-0.56636,-2.99411,-2.07046,-2.19429,0.264129,0.422142,0.271419,0.00101365,0.00850243,0.00639303,1,1705.1,-0.878145,-0.981936,0.264129,0.422142,0.271419,0.00101365,0.00850243,0.00639303,1,1705.1
61,iter-2,62,-0.268118,-0.942759,-0.733745,-1.0683,-0.665682,-1.54637,-1.96331,-3.31916,0.18461,0.0854483,0.215933,0.0284207,0.0108815,0.000479559,1,1705.35,-0.268118,-0.942759,0.18461,0.0854483,0.215933,0.0284207,0.0108815,0.000479559,1,1705.35
62,iter-2,63,-0.65435,-0.943764,-0.7522,-0.68899,-0.515462,-1.88923,-1.64022,-3.32314,0.17693,0.204649,0.305167,0.0129054,0.0228972,0.000475182,1,1705.73,-0.65435,-0.943764,0.17693,0.204649,0.305167,0.0129054,0.0228972,0.000475182,1,1705.73
63,iter-2,64,-0.859339,-0.997043,-0.910199,-0.687201,-0.228888,-2.73605,-1.59568,-2.95538,0.12297,0.205494,0.590353,0.00183631,0.0253702,0.00110821,1,1704.8,-0.859339,-0.997043,0.12297,0.205494,0.590353,0.00183631,0.0253702,0.00110821,1,1704.8
64,iter-2,65,-0.860354,-0.978136,-0.183466,-0.835631,-0.410347,-1.05146,-1.11858,-1.06821,0.655442,0.146006,0.388735,0.0888256,0.0761067,0.0854663,1,1705.45,-0.860354,-0.978136,0.655442,0.146006,0.388735,0.0888256,0.0761067,0.0854663,1,1705.45
65,iter-2,66,-0.776589,-0.984452,-1.17649,-0.587958,-0.596572,-3.55532,-2.25762,-1.83828,0.0666049,0.258251,0.253179,0.000278408,0.00552561,0.0145116,1,1704.54,-0.776589,-0.984452,0.0666049,0.258251,0.253179,0.000278408,0.00552561,0.0145116,1,1704.54
66,iter-2,67,0.532411,-0.937777,-0.625035,-0.719092,-0.506036,-2.81734,-2.32467,-3.74913,0.237118,0.190945,0.311863,0.00152285,0.00473506,0.000178186,1,1704.21,0.532411,-0.937777,0.237118,0.190945,0.311863,0.00152285,0.00473506,0.000178186,1,1704.21
67,iter-2,68,-0.818647,-0.751256,-1.64722,-1.26024,-1.29004,-2.2567,-0.689536,-3.59089,0.0225312,0.0549239,0.0512811,0.00553726,0.204392,0.000256516,1,1703.62,-0.818647,-0.751256,0.0225312,0.0549239,0.0512811,0.00553726,0.204392,0.000256516,1,1703.62
68,iter-2,69,-0.172309,-0.980455,-0.547821,-0.648691,-0.564659,-2.25744,-1.82173,-2.63984,0.283256,0.224548,0.272484,0.00552785,0.0150753,0.0022917,1,1704.81,-0.172309,-0.980455,0.283256,0.224548,0.272484,0.00552785,0.0150753,0.0022917,1,1704.81
69,iter-2,70,-0.409695,-0.995171,-0.408227,-0.793774,-0.663715,-2.62314,-1.91732,-1.64228,0.390636,0.160778,0.216913,0.00238155,0.0120971,0.0227885,1,1707.06,-0.409695,-0.995171,0.390636,0.160778,0.216913,0.00238155,0.0120971,0.0227885,1,1707.06
70,iter-2,71,-0.508071,-0.938946,-0.762701,-1.89199,-0.817623,-3.36901,-1.12203,-2.52119,0.172702,0.0128236,0.152187,0.000427553,0.0755035,0.00301169,1,1702.69,-0.508071,-0.938946,0.172702,0.0128236,0.152187,0.000427553,0.0755035,0.00301169,1,1702.69
71,iter-2,72,-0.693082,-0.993363,-0.441441,-1.32276,-0.590451,-2.3927,-1.89165,-2.65483,0.361876,0.04756,0.256773,0.00404851,0.0128336,0.00221394,1,1700.49,-0.693082,-0.993363,0.361876,0.04756,0.256773,0.00404851,0.0128336,0.00221394,1,1700.49
72,iter-2,73,-0.915494,-0.955967,-0.160555,-0.46797,-0.140921,-2.98044,-1.68737,-1.29578,0.690948,0.340432,0.722901,0.00104607,0.0205414,0.0506084,1,1704.05,-0.915494,-0.955967,0.690948,0.340432,0.722901,0.00104607,0.0205414,0.0506084,1,1704.05
73,iter-2,74,-0.825176,-0.979689,-0.519594,-0.550968,-0.384321,-2.51557,-2.06228,-2.53036,0.302277,0.281211,0.412742,0.00305091,0.0086641,0.00294878,1,1704.03,-0.825176,-0.979689,0.302277,0.281211,0.412742,0.00305091,0.0086641,0.00294878,1,1704.03
74,iter-2,75,-0.565643,-0.958386,-1.48382,-0.588972,-0.770165,-2.43688,-1.36014,-2.17417,0.0328232,0.257649,0.16976,0.00365696,0.0436373,0.00669623,1,1702.85,-0.565643,-0.958386,0.0328232,0.257649,0.16976,0.00365696,0.0436373,0.00669623,1,1702.85
75,iter-2,76,-0.212896,-0.94419,-0.99219,-0.722272,-0.5013,-2.99627,-0.985772,-0.69219,0.101814,0.189552,0.315283,0.00100863,0.10333,0.203147,1,1703.16,-0.212896,-0.94419,0.101814,0.189552,0.315283,0.00100863,0.10333,0.203147,1,1703.16
76,iter-2,77,-0.109671,-0.95798,-0.165681,-0.447179,-0.579659,-2.38153,-2.20377,-2.79362,0.68284,0.357125,0.263234,0.00415407,0.006255,0.00160835,1,1703.26,-0.109671,-0.95798,0.68284,0.357125,0.263234,0.00415407,0.006255,0.00160835,1,1703.26
77,iter-2,78,-0.907275,-0.917703,-1.04943,-0.512057,-0.798326,-2.61722,-1.99799,-1.31634,0.0892411,0.307569,0.159101,0.00241424,0.0100465,0.0482681,1,1703.14,-0.907275,-0.917703,0.0892411,0.307569,0.159101,0.00241424,0.0100465,0.0482681,1,1703.14
78,iter-2,79,-0.878632,-0.984352,-0.148587,-0.766895,-0.837635,-2.2331,-0.767931,-1.66647,0.710253,0.171043,0.145333,0.0058466,0.170635,0.0215542,1,1704.38,-0.878632,-0.984352,0.710253,0.171043,0.145333,0.0058466,0.170635,0.0215542,1,1704.38
79,iter-2,80,-0.579113,-0.973117,-0.821863,-0.722094,-0.45334,-1.42393,-2.00362,-2.62244,0.150708,0.18963,0.352095,0.0376766,0.00991705,0.0023854,1,1705.2,-0.579113,-0.973117,0.150708,0.18963,0.352095,0.0376766,0.00991705,0.0023854,1,1705.2
80,iter-2,81,-0.697325,-0.986873,-0.415969,-0.862409,-0.584486,-2.57997,-1.44502,-2.6414,0.383734,0.137275,0.260324,0.00263047,0.0358906,0.00228351,1,1704.56,-0.697325,-0.986873,0.383734,0.137275,0.260324,0.00263047,0.0358906,0.00228351,1,1704.56
81,iter-2,82,-0.435889,-0.987082,-0.41268,-0.833707,-0.673961,-0.99455,-1.02233,-2.06098,0.386652,0.146654,0.211855,0.101263,0.0949878,0.00869009,1,1705.83,-0.435889,-0.987082,0.386652,0.146654,0.211855,0.101263,0.0949878,0.00869009,1,1705.83
82,iter-2,83,-0.675259,-0.992747,-0.390345,-0.521,-1.24075,-2.3399,-1.46591,-1.83554,0.407057,0.301301,0.0574453,0.00457189,0.0342054,0.0146036,1,1706.29,-0.675259,-0.992747,0.407057,0.301301,0.0574453,0.00457189,0.0342054,0.0146036,1,1706.29
83,iter-2,84,-0.541773,-0.988565,-0.745259,-0.528589,-0.331956,-2.8126,-1.73541,-2.24777,0.17978,0.296081,0.465633,0.00153957,0.0183904,0.0056523,1,1705.24,-0.541773,-0.988565,0.17978,0.296081,0.465633,0.00153957,0.0183904,0.0056523,1,1705.24
84,iter-2,85,-0.257029,-0.995191,-0.164976,-0.677943,-0.619767,-1.66981,-1.72173,-1.10178,0.68395,0.209922,0.240012,0.0213891,0.0189789,0.0791079,1,1704.71,-0.257029,-0.995191,0.68395,0.209922,0.240012,0.0213891,0.0189789,0.0791079,1,1704.71
85,iter-2,86,-0.852188,-0.934327,-0.653251,-0.515835,-0.548929,-2.91216,-2.09231,-2.27861,0.222203,0.304905,0.282534,0.00122417,0.00808527,0.00526496,1,1703.46,-0.852188,-0.934327,0.222203,0.304905,0.282534,0.00122417,0.00808527,0.00526496,1,1703.46
86,iter-2,87,-0.778827,-0.987259,-0.109042,-0.71271,-0.461789,-2.95651,-0.916874,-3.03041,0.777961,0.193772,0.345312,0.00110531,0.121095,0.000932379,1,1704.79,-0.778827,-0.987259,0.777961,0.193772,0.345312,0.00110531,0.121095,0.000932379,1,1704.79
87,iter-2,88,-0.965931,-0.984291,-0.78238,-0.301854,-0.819713,-2.30016,-3.71255,-2.36008,0.165052,0.499052,0.151456,0.00501001,0.000193844,0.00436438,1,1703.29,-0.965931,-0.984291,0.165052,0.499052,0.151456,0.00501001,0.000193844,0.00436438,1,1703.29
88,iter-2,89,-0.381306,-0.955644,-0.965019,-0.745749,-0.805589,-2.30182,-0.984605,-2.4113,0.108388,0.179577,0.156463,0.00499091,0.103609,0.00387885,1,1704.42,-0.381306,-0.955644,0.108388,0.179577,0.156463,0.00499091,0.103609,0.00387885,1,1704.42
89,iter-2,90,-0.383043,-0.993925,-0.528465,-1.72033,-0.537522,-2.98619,-1.22386,-1.90141,0.296166,0.01904,0.290054,0.0010323,0.0597229,0.0125483,1,1704.5,-0.383043,-0.993925,0.296166,0.01904,0.290054,0.0010323,0.0597229,0.0125483,1,1704.5
90,iter-2,91,-0.431847,-0.993767,-1.15064,-0.826738,-1.0348,-4.23832,-1.37782,-1.02056,0.0706902,0.149026,0.0922989,5.77666e-05,0.0418966,0.0953772,1,1703.7,-0.431847,-0.993767,0.0706902,0.149026,0.0922989,5.77666e-05,0.0418966,0.0953772,1,1703.7
91,iter-2,92,-0.447746,-0.941266,-0.774648,-0.700793,-0.858457,-1.96405,-1.6527,-1.64819,0.168017,0.199162,0.13853,0.0108631,0.0222486,0.0224809,1,1704.63,-0.447746,-0.941266,0.168017,0.199162,0.13853,0.0108631,0.0222486,0.0224809,1,1704.63
92,iter-2,93,-0.324492,-0.894217,-0.188328,-0.21906,-1.23547,-1.21351,-1.62902,-2.68705,0.648145,0.603865,0.0581474,0.061163,0.0234952,0.00205566,1,1706.13,-0.324492,-0.894217,0.648145,0.603865,0.0581474,0.061163,0.0234952,0.00205566,1,1706.13
93,iter-2,94,0.0434825,-0.948816,-0.71689,-1.10736,-0.549152,-1.55099,-1.10882,-2.13918,0.191916,0.0780972,0.282389,0.0281195,0.0778365,0.00725807,1,1703.91,0.0434825,-0.948816,0.191916,0.0780972,0.282389,0.0281195,0.0778365,0.00725807,1,1703.91
94,iter-2,95,0.179475,-0.891356,-0.326459,-0.563155,-0.465511,-0.933592,-2.04424,-3.92229,0.471564,0.273429,0.342365,0.116522,0.00903146,0.000119594,1,1703.98,0.179475,-0.891356,0.471564,0.273429,0.342365,0.116522,0.00903146,0.000119594,1,1703.98
95,iter-2,96,-0.796416,-0.875323,-0.86241,-1.52711,-0.847164,-3.0878,-1.00052,-3.00818,0.137275,0.0297091,0.142179,0.000816963,0.0998803,0.000981344,1,1702.54,-0.796416,-0.875323,0.137275,0.0297091,0.142179,0.000816963,0.0998803,0.000981344,1,1702.54
96,iter-2,97,-0.852241,-0.984478,-0.179441,-0.554874,-0.483344,-2.73062,-1.20993,-2.92897,0.661545,0.278693,0.328591,0.00185942,0.0616697,0.00117769,1,1704.28,-0.852241,-0.984478,0.661545,0.278693,0.328591,0.00185942,0.0616697,0.00117769,1,1704.28
97,iter-2,98,-0.821038,-0.983118,-0.530675,-0.836206,-0.540319,-1.33771,-2.27555,-2.65219,0.294662,0.145812,0.288191,0.0459505,0.00530209,0.00222747,1,1704.54,-0.821038,-0.983118,0.294662,0.145812,0.288191,0.0459505,0.00530209,0.00222747,1,1704.54
98,iter-2,99,-0.48084,-0.994853,-0.617305,-1.0055,-0.613476,-2.56396,-2.02998,-2.51262,0.241377,0.0987414,0.243514,0.00272925,0.00933301,0.00307169,1,1703.14,-0.48084,-0.994853,0.241377,0.0987414,0.243514,0.00272925,0.00933301,0.00307169,1,1703.14
0,iter-3,0,-0.763477,-0.947464,-0.280561,-0.421162,-0.518546,-2.89856,-1.42944,-2.19878,0.524129,0.379173,0.303008,0.00126311,0.0372012,0.00632732,1,1704.33,-0.763477,-0.947464,0.524129,0.379173,0.303008,0.00126311,0.0372012,0.00632732,1,1704.33
1,iter-3,1,-0.565672,-0.960052,-0.299708,-0.469208,-0.76813,-1.79884,-1.6256,-2.14295,0.501525,0.339463,0.170557,0.0158913,0.023681,0.00719536,1,1704.42,-0.565672,-0.960052,0.501525,0.339463,0.170557,0.0158913,0.023681,0.00719536,1,1704.42
2,iter-3,2,-0.429188,-0.958002,-0.428651,-0.473568,-0.393456,-1.74403,-1.42276,-2.07625,0.372691,0.336071,0.404152,0.0180289,0.037778,0.00838985,1,1703.93,-0.429188,-0.958002,0.372691,0.336071,0.404152,0.0180289,0.037778,0.00838985,1,1703.93
3,iter-3,3,-0.717719,-0.964721,-0.351369,-0.427796,-0.49103,-2.19067,-1.67209,-1.61317,0.445278,0.373425,0.322827,0.00644654,0.021277,0.0243685,1,1704.68,-0.717719,-0.964721,0.445278,0.373425,0.322827,0.00644654,0.021277,0.0243685,1,1704.68
4,iter-3,4,-0.499349,-0.935899,-0.481975,-0.57433,-0.306609,-3.14191,-1.52007,-1.88175,0.329629,0.266484,0.493617,0.000721263,0.030195,0.0131296,1,1704.66,-0.499349,-0.935899,0.329629,0.266484,0.493617,0.000721263,0.030195,0.0131296,1,1704.66
5,iter-3,5,-0.791715,-0.903735,-0.43782,-0.612096,-0.502169,-2.36701,-1.53305,-1.84921,0.364905,0.244289,0.314652,0.00429528,0.0293053,0.0141512,1,1704.17,-0.791715,-0.903735,0.364905,0.244289,0.314652,0.00429528,0.0293053,0.0141512,1,1704.17
6,iter-3,6,-0.705837,-0.934224,-0.34849,-0.455168,-0.535828,-1.82655,-1.44264,-1.96838,0.44824,0.350616,0.291187,0.0149092,0.0360879,0.0107552,1,1704.08,-0.705837,-0.934224,0.44824,0.350616,0.291187,0.0149092,0.0360879,0.0107552,1,1704.08
7,iter-3,7,-0.597043,-0.91506,-0.52894,-0.561244,-0.237718,-3.13436,-1.593,-1.74978,0.295842,0.274635,0.578472,0.000733897,0.0255271,0.017792,1,1703.86,-0.597043,-0.91506,0.295842,0.274635,0.578472,0.000733897,0.0255271,0.017792,1,1703.86
8,iter-3,8,-0.797815,-0.925802,-0.53201,-0.343647,-0.817199,-2.10019,-1.68667,-2.09184,0.293758,0.453266,0.152335,0.00793985,0.0205744,0.00809395,1,1704.19,-0.797815,-0.925802,0.293758,0.453266,0.152335,0.00793985,0.0205744,0.00809395,1,1704.19
9,iter-3,9,-0.668042,-0.86385,-0.376539,-0.752584,-0.888841,-2.23571,-1.31709,-2.35501,0.420205,0.176773,0.129169,0.0058115,0.0481845,0.00441555,1,1704.68,-0.668042,-0.86385,0.420205,0.176773,0.129169,0.0058115,0.0481845,0.00441555,1,1704.68
10,iter-3,10,-0.596128,-0.960571,-0.514711,-0.555635,-0.533606,-1.94898,-1.56092,-1.5461,0.305696,0.278205,0.29268,0.0112465,0.0274841,0.0284381,1,1705.71,-0.596128,-0.960571,0.305696,0.278205,0.29268,0.0112465,0.0274841,0.0284381,1,1705.71
11,iter-3,11,-0.593876,-0.913975,-0.459239,-0.521164,-0.599871,-1.63588,-1.75133,-2.3098,0.347345,0.301187,0.251263,0.0231271,0.0177284,0.00490006,1,1703.99,-0.593876,-0.913975,0.347345,0.301187,0.251263,0.0231271,0.0177284,0.00490006,1,1703.99
12,iter-3,12,-0.492316,-0.966907,-0.695067,-0.392022,-0.61803,-2.38403,-1.35373,-2.13198,0.201805,0.405488,0.240974,0.00413022,0.0442865,0.00737942,1,1704.74,-0.492316,-0.966907,0.201805,0.405488,0.240974,0.00413022,0.0442865,0.00737942,1,1704.74
13,iter-3,13,-0.705792,-0.934703,-0.576918,-0.514907,-0.413993,-2.41028,-1.47191,-1.74307,0.2649,0.305557,0.385484,0.00388795,0.0337356,0.0180689,1,1704.82,-0.705792,-0.934703,0.2649,0.305557,0.385484,0.00388795,0.0337356,0.0180689,1,1704.82
14,iter-3,14,-0.63199,-0.922973,-0.471777,-0.485551,-0.449768,-1.79479,-1.87241,-1.91787,0.337461,0.326926,0.355003,0.0160401,0.013415,0.0120817,1,1705.83,-0.63199,-0.922973,0.337461,0.326926,0.355003,0.0160401,0.013415,0.0120817,1,1705.83
15,iter-3,15,-0.730441,-0.953858,-0.379621,-0.559651,-1.0156,-2.7254,-1.63994,-1.6746,0.417234,0.275644,0.0964715,0.00188192,0.022912,0.0211543,1,1704.74,-0.730441,-0.953858,0.417234,0.275644,0.0964715,0.00188192,0.022912,0.0211543,1,1704.74
16,iter-3,16,-0.405039,-0.968947,-0.462633,-0.674115,-0.376007,-2.59146,-1.18174,-2.24309,0.344641,0.21178,0.42072,0.00256176,0.0658051,0.00571362,1,1704.54,-0.405039,-0.968947,0.344641,0.21178,0.42072,0.00256176,0.0658051,0.00571362,1,1704.54
17,iter-3,17,-0.617546,-0.901833,-0.564205,-0.527935,-0.772145,-2.12283,-1.65048,-1.98917,0.272769,0.296527,0.168988,0.00753642,0.0223626,0.0102525,1,1704.96,-0.617546,-0.901833,0.272769,0.296527,0.168988,0.00753642,0.0223626,0.0102525,1,1704.96
18,iter-3,18,-0.465484,-0.933502,-0.552413,-0.53311,-0.587913,-2.03623,-1.4276,-2.02325,0.280276,0.293015,0.258278,0.0091996,0.0373597,0.00947879,1,1703.94,-0.465484,-0.933502,0.280276,0.293015,0.258278,0.0091996,0.0373597,0.00947879,1,1703.94
19,iter-3,19,-0.657538,-0.961605,-0.789722,-0.450217,-0.474542,-1.51628,-1.65941,-2.05665,0.162285,0.354636,0.335319,0.0304593,0.0219074,0.00877703,1,1702.94,-0.657538,-0.961605,0.162285,0.354636,0.335319,0.0304593,0.0219074,0.00877703,1,1702.94
20,iter-3,20,-0.47159,-0.958549,-0.330763,-0.525408,-0.7145,-2.50769,-1.88907,-1.9551,0.466915,0.298258,0.192974,0.00310676,0.01291,0.0110891,1,1705.15,-0.47159,-0.958549,0.466915,0.298258,0.192974,0.00310676,0.01291,0.0110891,1,1705.15
21,iter-3,21,-0.835431,-0.984717,-0.362097,-0.485836,-0.507112,-3.56783,-1.43347,-1.71083,0.434414,0.326711,0.311091,0.000270502,0.0368582,0.019461,1,1703.25,-0.835431,-0.984717,0.434414,0.326711,0.311091,0.000270502,0.0368582,0.019461,1,1703.25
22,iter-3,22,-0.615647,-0.945694,-0.509659,-0.794132,-0.466296,-2.13458,-1.0146,-2.33272,0.309272,0.160645,0.341747,0.00733526,0.0966932,0.0046481,1,1704.89,-0.615647,-0.945694,0.309272,0.160645,0.341747,0.00733526,0.0966932,0.0046481,1,1704.89
23,iter-3,23,-0.685217,-0.93273,-0.699988,-0.441149,-0.740087,-1.64664,-1.47032,-2.64946,0.199532,0.362119,0.181934,0.0225613,0.0338592,0.00224148,1,1704.0,-0.685217,-0.93273,0.199532,0.362119,0.181934,0.0225613,0.0338592,0.00224148,1,1704.0
24,iter-3,24,-0.595948,-0.914726,-0.434871,-0.524551,-0.56729,-3.22939,-1.52043,-1.83007,0.367391,0.298847,0.270838,0.000589673,0.0301696,0.0147888,1,1705.5,-0.595948,-0.914726,0.367391,0.298847,0.270838,0.000589673,0.0301696,0.0147888,1,1705.5
25,iter-3,25,-0.599982,-0.962597,-0.297448,-0.670387,-0.502673,-2.60463,-1.4861,-1.4568,0.504141,0.213606,0.314288,0.00248526,0.0326511,0.0349304,1,1703.92,-0.599982,-0.962597,0.504141,0.213606,0.314288,0.00248526,0.0326511,0.0349304,1,1703.92
26,iter-3,26,-0.354105,-0.984511,-0.51342,-0.715513,-0.575199,-2.42394,-1.82559,-1.43595,0.306606,0.192525,0.265951,0.00376756,0.0149421,0.0366476,1,1703.39,-0.354105,-0.984511,0.306606,0.192525,0.265951,0.00376756,0.0149421,0.0366476,1,1703.39
27,iter-3,27,-0.716478,-0.980701,-0.313136,-0.603757,-0.46864,-3.39054,-1.90957,-1.97832,0.486255,0.249025,0.339907,0.00040687,0.0123148,0.010512,1,1704.86,-0.716478,-0.980701,0.486255,0.249025,0.339907,0.00040687,0.0123148,0.010512,1,1704.86
28,iter-3,28,-0.876182,-0.96979,-0.361554,-0.559663,-0.658684,-3.24868,-2.01277,-2.50885,0.434956,0.275637,0.21944,0.000564051,0.0097103,0.00309846,1,1703.88,-0.876182,-0.96979,0.434956,0.275637,0.21944,0.000564051,0.0097103,0.00309846,1,1703.88
29,iter-3,29,-0.302266,-0.967056,-0.335386,-0.429102,-0.475453,-1.89535,-1.56337,-1.44022,0.46197,0.372304,0.334616,0.0127247,0.0273294,0.0362896,1,1705.32,-0.302266,-0.967056,0.46197,0.372304,0.334616,0.0127247,0.0273294,0.0362896,1,1705.32
30,iter-3,30,-0.608455,-0.985332,-0.576237,-0.557226,-0.635824,-1.55855,-1.70349,-1.89643,0.265316,0.277188,0.2313,0.0276342,0.0197928,0.0126933,1,1703.61,-0.608455,-0.985332,0.265316,0.277188,0.2313,0.0276342,0.0197928,0.0126933,1,1703.61
31,iter-3,31,-0.753259,-0.937055,-0.266401,-0.482381,-0.589789,-2.30023,-1.63523,-2.31181,0.541501,0.32932,0.257165,0.00500917,0.0231616,0.00487745,1,1705.48,-0.753259,-0.937055,0.541501,0.32932,0.257165,0.00500917,0.0231616,0.00487745,1,1705.48
32,iter-3,32,-0.580076,-0.968721,-0.383248,-0.668366,-0.524468,-2.03583,-1.44706,-2.2601,0.413763,0.214602,0.298905,0.00920803,0.035722,0.00549416,1,1705.67,-0.580076,-0.968721,0.413763,0.214602,0.298905,0.00920803,0.035722,0.00549416,1,1705.67
33,iter-3,33,-0.712294,-0.973593,-0.69186,-0.507992,-0.463871,-1.5149,-1.2143,-1.6801,0.203301,0.310461,0.34366,0.0305562,0.0610523,0.0208881,1,1704.18,-0.712294,-0.973593,0.203301,0.310461,0.34366,0.0305562,0.0610523,0.0208881,1,1704.18
34,iter-3,34,-0.737788,-0.980593,-0.208805,-0.474593,-0.62458,-2.20675,-1.72623,-1.80671,0.618295,0.335279,0.237367,0.0062123,0.0187831,0.0156058,1,1705.94,-0.737788,-0.980593,0.618295,0.335279,0.237367,0.0062123,0.0187831,0.0156058,1,1705.94
35,iter-3,35,-0.721295,-0.955132,-0.570246,-0.433705,-0.665689,-2.98266,-1.33501,-1.45668,0.269001,0.368379,0.215929,0.00104072,0.0462372,0.0349396,1,1704.58,-0.721295,-0.955132,0.269001,0.368379,0.215929,0.00104072,0.0462372,0.0349396,1,1704.58
36,iter-3,36,-0.631402,-0.94372,-0.250461,-0.479731,-0.641885,-1.36615,-1.69599,-1.978,0.561745,0.331336,0.228095,0.0430378,0.0201378,0.0105197,1,1705.04,-0.631402,-0.94372,0.561745,0.331336,0.228095,0.0430378,0.0201378,0.0105197,1,1705.04
37,iter-3,37,-0.804163,-0.944454,-0.708606,-0.631565,-0.657171,-1.9033,-1.55975,-2.06676,0.195611,0.233579,0.220206,0.0124939,0.0275578,0.00857502,1,1703.79,-0.804163,-0.944454,0.195611,0.233579,0.220206,0.0124939,0.0275578,0.00857502,1,1703.79
38,iter-3,38,-0.512269,-0.96487,-0.576689,-0.915118,-0.791585,-2.43404,-1.70845,-1.512,0.26504,0.121586,0.16159,0.00368099,0.0195682,0.0307609,1,1704.09,-0.512269,-0.96487,0.26504,0.121586,0.16159,0.00368099,0.0195682,0.0307609,1,1704.09
39,iter-3,39,-0.588359,-0.968403,-0.391047,-0.522696,-0.709634,-1.33368,-1.60927,-1.76865,0.406399,0.300126,0.195149,0.0463786,0.0245882,0.0170355,1,1704.81,-0.588359,-0.968403,0.406399,0.300126,0.195149,0.0463786,0.0245882,0.0170355,1,1704.81
40,iter-3,40,-0.82974,-0.899105,-0.465926,-0.496301,-0.528823,-2.71844,-1.66282,-2.14432,0.342037,0.318933,0.295922,0.00191234,0.0217361,0.00717267,1,1705.71,-0.82974,-0.899105,0.342037,0.318933,0.295922,0.00191234,0.0217361,0.00717267,1,1705.71
41,iter-3,42,-0.587297,-0.97166,-0.349648,-0.557196,-0.515121,-2.26445,-1.45996,-1.71491,0.447046,0.277207,0.305407,0.00543937,0.034677,0.0192791,1,1704.28,-0.587297,-0.97166,0.447046,0.277207,0.305407,0.00543937,0.034677,0.0192791,1,1704.28
42,iter-3,43,-0.546263,-0.960881,-0.570797,-0.490308,-0.567879,-2.04599,-1.74471,-2.09758,0.26866,0.323364,0.270471,0.00899528,0.0180008,0.00798773,1,1704.13,-0.546263,-0.960881,0.26866,0.323364,0.270471,0.00899528,0.0180008,0.00798773,1,1704.13
43,iter-3,44,-0.70301,-0.903462,-0.638421,-0.537161,-0.420304,-1.80698,-1.42796,-1.74888,0.229921,0.290295,0.379923,0.0155963,0.0373284,0.0178286,1,1704.37,-0.70301,-0.903462,0.229921,0.290295,0.379923,0.0155963,0.0373284,0.0178286,1,1704.37
44,iter-3,45,-0.730431,-0.985578,-0.401588,-0.529614,-0.412858,-2.44759,-1.4403,-2.38719,0.396654,0.295383,0.386494,0.00356784,0.0362831,0.00410025,1,1704.12,-0.730431,-0.985578,0.396654,0.295383,0.386494,0.00356784,0.0362831,0.00410025,1,1704.12
45,iter-3,46,-0.620997,-0.967001,-0.463281,-0.438356,-0.587481,-1.59176,-1.29608,-1.2615,0.344127,0.364455,0.258535,0.0255997,0.0505733,0.0547645,1,1704.28,-0.620997,-0.967001,0.344127,0.364455,0.258535,0.0255997,0.0505733,0.0547645,1,1704.28
46,iter-3,47,-0.598125,-0.958969,-0.281202,-0.749028,-0.521824,-3.05199,-1.30908,-1.85883,0.523357,0.178226,0.300729,0.000887175,0.049082,0.0138409,1,1704.9,-0.598125,-0.958969,0.523357,0.178226,0.300729,0.000887175,0.049082,0.0138409,1,1704.9
47,iter-3,48,-0.397896,-0.980326,-0.184513,-0.547782,-0.63345,-2.86396,-1.47255,-2.06737,0.653864,0.283281,0.232568,0.00136786,0.0336863,0.00856317,1,1705.87,-0.397896,-0.980326,0.653864,0.283281,0.232568,0.00136786,0.0336863,0.00856317,1,1705.87
48,iter-3,49,-0.519324,-0.962232,-0.465145,-0.587263,-0.594905,-2.48505,-1.48751,-2.25365,0.342653,0.258664,0.254153,0.00327302,0.0325453,0.00557634,1,1704.38,-0.519324,-0.962232,0.342653,0.258664,0.254153,0.00327302,0.0325453,0.00557634,1,1704.38
49,iter-3,50,-0.559366,-0.934555,-0.398895,-0.508828,-0.373841,-2.28764,-1.46256,-1.73675,0.399121,0.309865,0.422823,0.00515657,0.0344697,0.0183337,1,1704.75,-0.559366,-0.934555,0.399121,0.309865,0.422823,0.00515657,0.0344697,0.0183337,1,1704.75
50,iter-3,51,-0.265686,-0.979205,-0.231566,-0.536289,-0.49713,-3.23996,-1.56074,-1.96133,0.586724,0.290878,0.318324,0.000575493,0.0274955,0.0109312,1,1704.61,-0.265686,-0.979205,0.586724,0.290878,0.318324,0.000575493,0.0274955,0.0109312,1,1704.61
51,iter-3,52,-0.706461,-0.888773,-0.665592,-0.628016,-0.615788,-1.52009,-2.10274,-1.65654,0.215977,0.235496,0.242221,0.0301931,0.00789333,0.0220525,1,1702.86,-0.706461,-0.888773,0.215977,0.235496,0.242221,0.0301931,0.00789333,0.0220525,1,1702.86
52,iter-3,53,-0.605637,-0.97702,-0.497177,-0.496679,-0.632749,-2.49207,-1.75481,-2.42448,0.31829,0.318655,0.232944,0.00322057,0.0175868,0.00376291,1,1705.04,-0.605637,-0.97702,0.31829,0.318655,0.232944,0.00322057,0.0175868,0.00376291,1,1705.04
53,iter-3,54,-0.850708,-0.958556,-0.273755,-0.409358,-0.487511,-2.58642,-1.66155,-1.97034,0.532409,0.38962,0.325454,0.00259168,0.0217996,0.0107069,1,1705.01,-0.850708,-0.958556,0.532409,0.38962,0.325454,0.00259168,0.0217996,0.0107069,1,1705.01
54,iter-3,55,-0.513656,-0.96151,-0.417433,-0.649169,-0.620705,-2.41577,-1.50925,-1.9476,0.382443,0.224301,0.239494,0.0038391,0.0309567,0.0112823,1,1704.94,-0.513656,-0.96151,0.382443,0.224301,0.239494,0.0038391,0.0309567,0.0112823,1,1704.94
55,iter-3,56,-0.489438,-0.971192,-0.235233,-0.534506,-0.357076,-2.72172,-1.49634,-1.91549,0.581791,0.292075,0.439465,0.00189793,0.0318907,0.0121482,1,1704.94,-0.489438,-0.971192,0.581791,0.292075,0.439465,0.00189793,0.0318907,0.0121482,1,1704.94
56,iter-3,57,-0.361947,-0.97087,-0.184012,-0.5865,-0.600236,-1.4889,-1.53565,-1.60362,0.654618,0.259119,0.251052,0.0324411,0.0291304,0.0249103,1,1703.94,-0.361947,-0.97087,0.654618,0.259119,0.251052,0.0324411,0.0291304,0.0249103,1,1703.94
57,iter-3,58,-0.632317,-0.947552,-0.27545,-0.449505,-0.44914,-2.51358,-1.75403,-2.12078,0.530335,0.355218,0.355517,0.0030649,0.0176187,0.00757211,1,1705.36,-0.632317,-0.947552,0.530335,0.355218,0.355517,0.0030649,0.0176187,0.00757211,1,1705.36
58,iter-3,59,-0.814717,-0.875542,-0.39838,-0.600809,-0.457588,-2.31209,-1.51045,-2.00364,0.399595,0.250721,0.348668,0.00487426,0.0308713,0.00991644,1,1704.56,-0.814717,-0.875542,0.399595,0.250721,0.348668,0.00487426,0.0308713,0.00991644,1,1704.56
59,iter-3,60,-0.768166,-0.971472,-0.578355,-0.430284,-0.565837,-2.47267,-1.76471,-2.44461,0.264025,0.371292,0.271746,0.00336771,0.0171907,0.00359243,1,1704.71,-0.768166,-0.971472,0.264025,0.371292,0.271746,0.00336771,0.0171907,0.00359243,1,1704.71
60,iter-3,61,-0.792328,-0.97128,-0.415288,-0.454057,-0.349962,-2.50894,-1.7397,-2.17987,0.384337,0.351514,0.446723,0.00309787,0.0182098,0.00660885,1,1704.99,-0.792328,-0.97128,0.384337,0.351514,0.446723,0.00309787,0.0182098,0.00660885,1,1704.99
61,iter-3,62,-0.0249035,-0.912448,-0.594596,-0.72013,-0.702156,-2.03955,-1.49564,-2.00065,0.254334,0.190489,0.198538,0.0091296,0.0319416,0.00998509,1,1704.46,-0.0249035,-0.912448,0.254334,0.190489,0.198538,0.0091296,0.0319416,0.00998509,1,1704.46
62,iter-3,63,-0.755938,-0.964657,-0.488861,-0.517498,-0.634572,-2.29244,-1.60086,-1.76329,0.324443,0.30374,0.231968,0.00509985,0.025069,0.017247,1,1703.64,-0.755938,-0.964657,0.324443,0.30374,0.231968,0.00509985,0.025069,0.017247,1,1703.64
63,iter-3,64,-0.614973,-0.974938,-0.751559,-0.541286,-0.36474,-2.63374,-1.42932,-2.5736,0.177191,0.28755,0.431777,0.00232412,0.0372117,0.00266929,1,1703.87,-0.614973,-0.974938,0.177191,0.28755,0.431777,0.00232412,0.0372117,0.00266929,1,1703.87
64,iter-3,65,-0.760752,-0.977306,-0.290309,-0.482756,-0.443951,-2.15097,-1.48056,-1.56501,0.512497,0.329036,0.35979,0.00706364,0.0330706,0.0272263,1,1703.66,-0.760752,-0.977306,0.512497,0.329036,0.35979,0.00706364,0.0330706,0.0272263,1,1703.66
65,iter-3,66,-0.662308,-0.912686,-0.947814,-0.483078,-0.531156,-3.01522,-1.42438,-1.79771,0.112768,0.328793,0.294336,0.000965554,0.0376373,0.0159326,1,1704.46,-0.662308,-0.912686,0.112768,0.328793,0.294336,0.000965554,0.0376373,0.0159326,1,1704.46
66,iter-3,67,-0.384577,-0.874731,-0.583987,-0.451636,-0.521859,-3.76377,-1.48685,-2.07999,0.260623,0.35348,0.300706,0.000172277,0.0325946,0.00831787,1,1703.97,-0.384577,-0.874731,0.260623,0.35348,0.300706,0.000172277,0.0325946,0.00831787,1,1703.97
67,iter-3,68,-0.874471,-0.956416,-0.694361,-0.613956,-0.751546,-2.5057,-1.52361,-2.14884,0.202134,0.243245,0.177196,0.00312108,0.0299495,0.00709831,1,1705.08,-0.874471,-0.956416,0.202134,0.243245,0.177196,0.00312108,0.0299495,0.00709831,1,1705.08
68,iter-3,69,-0.813583,-0.952698,-0.226552,-0.415609,-0.458621,-2.2456,-1.37147,-2.09155,0.593538,0.384053,0.347839,0.0056807,0.0425143,0.00809942,1,1705.66,-0.813583,-0.952698,0.593538,0.384053,0.347839,0.0056807,0.0425143,0.00809942,1,1705.66
69,iter-3,70,-0.647394,-0.974071,-0.523559,-0.604151,-0.728868,-2.36916,-1.43535,-1.88072,0.299531,0.248799,0.186695,0.00427406,0.036699,0.0131608,1,1705.03,-0.647394,-0.974071,0.299531,0.248799,0.186695,0.00427406,0.036699,0.0131608,1,1705.03
70,iter-3,71,-0.340819,-0.949631,-0.473527,-0.896076,-0.586621,-1.89493,-1.14359,-2.11022,0.336104,0.127035,0.259047,0.0127369,0.0718465,0.00775861,1,1704.46,-0.340819,-0.949631,0.336104,0.127035,0.259047,0.0127369,0.0718465,0.00775861,1,1704.46
71,iter-3,72,-0.790247,-0.964431,-0.319311,-0.531857,-0.462129,-2.93191,-1.76271,-1.27613,0.47939,0.293862,0.345041,0.00116975,0.01727,0.052951,1,1704.28,-0.790247,-0.964431,0.47939,0.293862,0.345041,0.00116975,0.01727,0.052951,1,1704.28
72,iter-3,73,-0.771826,-0.966468,-0.146431,-0.419185,-0.294234,-2.56417,-1.52588,-1.31424,0.713788,0.380903,0.507886,0.0027279,0.0297933,0.048502,1,1704.03,-0.771826,-0.966468,0.713788,0.380903,0.507886,0.0027279,0.0297933,0.048502,1,1704.03
73,iter-3,74,-0.464846,-0.962484,-0.54799,-0.471579,-0.479501,-2.32097,-1.83552,-1.58733,0.283146,0.337614,0.331512,0.00477563,0.0146044,0.0258626,1,1704.13,-0.464846,-0.962484,0.283146,0.337614,0.331512,0.00477563,0.0146044,0.0258626,1,1704.13
74,iter-3,75,-0.811453,-0.960265,-0.41325,-0.588776,-0.502452,-2.4339,-1.56273,-1.56846,0.386144,0.257765,0.314447,0.00368216,0.0273694,0.027011,1,1705.32,-0.811453,-0.960265,0.386144,0.257765,0.314447,0.00368216,0.0273694,0.027011,1,1705.32
75,iter-3,76,-0.439765,-0.928209,-0.618585,-0.545461,-0.5136,-3.15875,-1.74885,-2.37857,0.240666,0.284799,0.306478,0.000693824,0.0178299,0.00418242,1,1703.99,-0.439765,-0.928209,0.240666,0.284799,0.306478,0.000693824,0.0178299,0.00418242,1,1703.99
76,iter-3,77,-0.534021,-0.936706,-0.448092,-0.369819,-0.586001,-2.10452,-1.68827,-2.35382,0.356376,0.426757,0.259418,0.00786101,0.020499,0.00442772,1,1703.97,-0.534021,-0.936706,0.356376,0.426757,0.259418,0.00786101,0.020499,0.00442772,1,1703.97
77,iter-3,78,-0.872467,-0.920802,-0.391663,-0.507392,-0.633951,-2.25424,-2.28804,-2.01835,0.405823,0.310891,0.2323,0.00556876,0.00515186,0.00958637,1,1704.83,-0.872467,-0.920802,0.405823,0.310891,0.2323,0.00556876,0.00515186,0.00958637,1,1704.83
78,iter-3,79,-0.811016,-0.949805,-0.153555,-0.378969,-0.786007,-2.51733,-1.56612,-2.28098,0.702174,0.41786,0.163679,0.00303858,0.0271566,0.00523626,1,1704.85,-0.811016,-0.949805,0.702174,0.41786,0.163679,0.00303858,0.0271566,0.00523626,1,1704.85
79,iter-3,80,-0.774654,-0.96086,-0.829164,-0.495573,-0.387562,-1.75868,-1.44269,-2.02972,0.148196,0.319467,0.409674,0.0174311,0.0360834,0.00933866,1,1704.8,-0.774654,-0.96086,0.148196,0.319467,0.409674,0.0174311,0.0360834,0.00933866,1,1704.8
80,iter-3,81,-0.718954,-0.962278,-0.258559,-0.640778,-0.462242,-2.57955,-1.45009,-2.5726,0.551367,0.228676,0.344951,0.00263297,0.0354741,0.00267546,1,1704.45,-0.718954,-0.962278,0.551367,0.228676,0.344951,0.00263297,0.0354741,0.00267546,1,1704.45
81,iter-3,82,-0.732378,-0.969256,-0.284141,-0.453683,-0.403479,-1.93369,-1.7645,-1.68639,0.519827,0.351817,0.394931,0.0116496,0.0171989,0.020588,1,1705.17,-0.732378,-0.969256,0.519827,0.351817,0.394931,0.0116496,0.0171989,0.020588,1,1705.17
82,iter-3,83,-0.568966,-0.970407,-0.484633,-0.499369,-0.631168,-2.16309,-1.39072,-2.0133,0.327617,0.316687,0.233793,0.0068693,0.0406707,0.00969839,1,1703.68,-0.568966,-0.970407,0.327617,0.316687,0.233793,0.0068693,0.0406707,0.00969839,1,1703.68
83,iter-3,84,-0.866962,-0.990722,-0.370502,-0.413352,-0.473305,-1.91513,-1.70245,-1.802,0.426086,0.386054,0.336276,0.0121581,0.0198402,0.0157761,1,1705.66,-0.866962,-0.990722,0.426086,0.386054,0.336276,0.0121581,0.0198402,0.0157761,1,1705.66
84,iter-3,85,-0.412693,-0.957792,-0.388768,-0.547617,-0.459708,-1.51409,-1.54838,-1.71677,0.408538,0.283389,0.34697,0.0306133,0.0282895,0.0191967,1,1704.76,-0.412693,-0.957792,0.408538,0.283389,0.34697,0.0306133,0.0282895,0.0191967,1,1704.76
85,iter-3,86,-0.807168,-0.936524,-0.319927,-0.454733,-0.391813,-1.50009,-1.56342,-1.66569,0.47871,0.350967,0.405684,0.0316162,0.027326,0.0215927,1,1704.7,-0.807168,-0.936524,0.47871,0.350967,0.405684,0.0316162,0.027326,0.0215927,1,1704.7
86,iter-3,87,-0.642145,-0.977988,-0.262178,-0.519014,-0.389838,-2.98192,-1.46152,-2.07509,0.546791,0.302682,0.407532,0.00104251,0.0345524,0.0084123,1,1704.17,-0.642145,-0.977988,0.546791,0.302682,0.407532,0.00104251,0.0345524,0.0084123,1,1704.17
87,iter-3,88,-0.881015,-0.927198,-0.554699,-0.389685,-0.690091,-1.61779,-2.03781,-1.83564,0.278806,0.407676,0.204131,0.0241105,0.00916617,0.0146003,1,1704.59,-0.881015,-0.927198,0.278806,0.407676,0.204131,0.0241105,0.00916617,0.0146003,1,1704.59
88,iter-3,89,-0.57814,-0.914096,-0.55029,-0.491005,-0.623205,-2.14764,-1.40206,-2.10971,0.28165,0.322846,0.238119,0.00711796,0.0396227,0.00776769,1,1704.68,-0.57814,-0.914096,0.28165,0.322846,0.238119,0.00711796,0.0396227,0.00776769,1,1704.68
89,iter-3,90,-0.591259,-0.971085,-0.415629,-0.848114,-0.483343,-3.05552,-1.56331,-1.79492,0.384035,0.141868,0.328592,0.000879993,0.0273334,0.0160353,1,1704.32,-0.591259,-0.971085,0.384035,0.141868,0.328592,0.000879993,0.0273334,0.0160353,1,1704.32
90,iter-3,91,-0.732474,-0.979944,-0.549221,-0.51002,-0.660745,-2.78456,-1.47019,-1.4319,0.282344,0.309015,0.218401,0.00164226,0.0338695,0.0369911,1,1703.86,-0.732474,-0.979944,0.282344,0.309015,0.218401,0.00164226,0.0338695,0.0369911,1,1703.86
91,iter-3,92,-0.708536,-0.959922,-0.387113,-0.354985,-0.504122,-1.98643,-1.40328,-1.63041,0.410097,0.441586,0.313241,0.0103174,0.0395109,0.0234199,1,1705.54,-0.708536,-0.959922,0.410097,0.441586,0.313241,0.0103174,0.0395109,0.0234199,1,1705.54
92,iter-3,93,-0.398462,-0.937979,-0.318879,-0.376701,-0.83667,-1.68179,-1.40073,-1.76036,0.479868,0.420048,0.145656,0.0208071,0.0397439,0.0173635,1,1705.03,-0.398462,-0.937979,0.479868,0.420048,0.145656,0.0208071,0.0397439,0.0173635,1,1705.03
93,iter-3,94,-0.598568,-0.889015,-0.35121,-0.412859,-0.635632,-2.12199,-1.335,-2.36896,0.445441,0.386492,0.231402,0.00755116,0.0462384,0.00427602,1,1704.76,-0.598568,-0.889015,0.445441,0.386492,0.231402,0.00755116,0.0462384,0.00427602,1,1704.76
94,iter-3,96,-0.880159,-0.880477,-0.517267,-0.493279,-0.636067,-2.74961,-1.7406,-1.70786,0.303902,0.321159,0.231171,0.00177987,0.0181718,0.0195948,1,1703.09,-0.880159,-0.880477,0.303902,0.321159,0.231171,0.00177987,0.0181718,0.0195948,1,1703.09
95,iter-3,97,-0.751917,-0.98719,-0.263665,-0.480694,-0.323881,-2.72533,-1.71956,-2.21964,0.544923,0.330602,0.474372,0.00188222,0.0190739,0.00603063,1,1704.37,-0.751917,-0.98719,0.544923,0.330602,0.474372,0.00188222,0.0190739,0.00603063,1,1704.37
96,iter-3,98,-0.816062,-0.959745,-0.384617,-0.395027,-0.491823,-2.08506,-1.7938,-2.06718,0.412461,0.402692,0.322239,0.00822129,0.0160768,0.00856674,1,1704.84,-0.816062,-0.959745,0.412461,0.402692,0.322239,0.00822129,0.0160768,0.00856674,1,1704.84
97,iter-3,99,-0.414433,-0.987256,-0.331164,-0.598465,-0.495427,-3.3308,-1.52371,-2.34637,0.466483,0.252078,0.319575,0.000466869,0.0299429,0.00450437,1,1705.15,-0.414433,-0.987256,0.466483,0.252078,0.319575,0.000466869,0.0299429,0.00450437,1,1705.15
